,time,median_length,median_delay,median_speed_kmh,total_records,median_level,Year,Month,Date_no,Hour,Day,level
0,2022-07-06 02:00:00,2201.0,84.0,29.779999,6,1.0,2022,7,6,2,4,1
1,2022-07-06 06:00:00,561.0,87.0,10.67,1,3.0,2022,7,6,6,4,3
2,2022-07-06 07:00:00,1637.0,110.0,27.11,7,2.0,2022,7,6,7,4,2
3,2022-07-06 07:00:00,561.0,65.5,12.035,2,3.0,2022,7,6,7,4,3
4,2022-07-06 09:00:00,501.0,63.5,12.705,2,2.0,2022,7,6,9,4,2
5,2022-07-06 09:00:00,380.0,62.5,9.51,6,3.0,2022,7,6,9,4,3
6,2022-07-06 09:00:00,605.0,65.0,16.48,8,2.0,2022,7,6,9,4,2
7,2022-07-06 09:00:00,757.0,80.0,21.48,13,2.0,2022,7,6,9,4,2
8,2022-07-06 10:00:00,301.0,88.0,7.23,18,3.0,2022,7,6,10,4,3
9,2022-07-06 10:00:00,181.0,79.0,5.2200003,10,2.0,2022,7,6,10,4,2
10,2022-07-06 10:00:00,380.0,94.0,7.8,3,3.0,2022,7,6,10,4,3
11,2022-07-06 10:00:00,2065.0,130.0,21.17,15,1.0,2022,7,6,10,4,1
12,2022-07-06 10:00:00,1963.0,194.0,17.4,6,2.0,2022,7,6,10,4,2
13,2022-07-06 10:00:00,866.0,148.0,12.96,7,3.0,2022,7,6,10,4,3
14,2022-07-06 10:00:00,501.0,62.0,12.84,9,2.0,2022,7,6,10,4,2
15,2022-07-06 10:00:00,1676.0,124.5,23.17,10,2.0,2022,7,6,10,4,2
16,2022-07-06 11:00:00,1102.0,60.0,24.585,4,1.0,2022,7,6,11,4,1
17,2022-07-06 11:00:00,316.0,97.0,8.4,9,3.0,2022,7,6,11,4,3
18,2022-07-06 11:00:00,561.0,84.5,10.83,4,3.0,2022,7,6,11,4,3
19,2022-07-06 13:00:00,839.0,61.0,20.595001,6,2.0,2022,7,6,13,4,2
20,2022-07-06 13:00:00,361.0,143.0,6.13,5,4.0,2022,7,6,13,4,4
21,2022-07-06 14:00:00,3266.0,245.0,20.415,6,2.0,2022,7,6,14,4,2
22,2022-07-06 14:00:00,1075.0,101.0,17.62,3,3.0,2022,7,6,14,4,3
23,2022-07-06 14:00:00,2007.0,138.0,21.85,3,1.0,2022,7,6,14,4,1
24,2022-07-06 14:00:00,1698.0,96.5,25.945,4,1.0,2022,7,6,14,4,1
25,2022-07-06 14:00:00,361.0,142.0,6.17,1,4.0,2022,7,6,14,4,4
26,2022-07-06 15:00:00,1075.0,104.0,17.35,7,3.0,2022,7,6,15,4,3
27,2022-07-06 15:00:00,2201.0,92.0,28.95,3,1.0,2022,7,6,15,4,1
28,2022-07-06 15:00:00,1045.0,97.0,17.59,3,1.0,2022,7,6,15,4,1
29,2022-07-06 16:00:00,1480.5,175.0,15.96,8,3.0,2022,7,6,16,4,3
30,2022-07-06 16:00:00,1462.0,80.0,26.810001,2,2.0,2022,7,6,16,4,2
31,2022-07-06 16:00:00,1291.0,68.0,25.55,3,1.0,2022,7,6,16,4,1
32,2022-07-06 16:00:00,2191.0,105.0,24.8,1,1.0,2022,7,6,16,4,1
33,2022-07-06 16:00:00,3236.0,256.5,19.885,8,2.0,2022,7,6,16,4,2
34,2022-07-06 17:00:00,2191.0,104.5,24.849998,4,1.0,2022,7,6,17,4,1
35,2022-07-06 17:00:00,3492.0,122.5,34.38,14,1.0,2022,7,6,17,4,1
36,2022-07-06 18:00:00,316.0,90.0,8.82,11,3.0,2022,7,6,18,4,3
37,2022-07-06 18:00:00,478.0,119.0,12.02,3,3.0,2022,7,6,18,4,3
38,2022-07-06 19:00:00,1248.0,116.0,21.14,11,2.0,2022,7,6,19,4,2
39,2022-07-06 19:00:00,2567.0,67.0,39.1,5,1.0,2022,7,6,19,4,1
40,2022-07-06 20:00:00,967.0,72.0,19.15,1,2.0,2022,7,6,20,4,2
41,2022-07-06 20:00:00,779.0,66.0,18.720001,10,3.0,2022,7,6,20,4,3
42,2022-07-06 20:00:00,1196.0,60.0,28.06,1,1.0,2022,7,6,20,4,1
43,2022-07-06 20:00:00,1248.0,114.0,21.14,1,2.0,2022,7,6,20,4,2
44,2022-07-06 23:00:00,335.0,157.0,6.48,1,4.0,2022,7,6,23,4,4
45,2022-07-07 06:00:00,418.0,65.0,12.14,2,3.0,2022,7,7,6,5,3
46,2022-07-07 07:00:00,2201.0,106.0,27.64,6,1.0,2022,7,7,7,5,1
47,2022-07-07 08:00:00,1887.0,84.0,28.05,7,1.0,2022,7,7,8,5,1
48,2022-07-07 10:00:00,843.0,71.0,21.24,1,2.0,2022,7,7,10,5,2
49,2022-07-07 12:00:00,655.0,90.0,13.76,7,2.0,2022,7,7,12,5,2
50,2022-07-07 12:00:00,835.0,114.0,12.29,2,3.0,2022,7,7,12,5,3
51,2022-07-07 13:00:00,950.0,67.5,22.94,2,2.0,2022,7,7,13,5,2
52,2022-07-07 13:00:00,361.0,72.0,9.25,13,3.0,2022,7,7,13,5,3
53,2022-07-07 14:00:00,1075.0,72.0,21.11,23,2.0,2022,7,7,14,5,2
54,2022-07-07 14:00:00,1489.0,61.0,27.54,11,1.0,2022,7,7,14,5,1
55,2022-07-07 15:00:00,721.0,66.0,19.68,1,2.0,2022,7,7,15,5,2
56,2022-07-07 15:00:00,346.0,100.0,8.05,9,3.0,2022,7,7,15,5,3
57,2022-07-07 18:00:00,2257.0,71.0,36.07,7,1.0,2022,7,7,18,5,1
58,2022-07-07 19:00:00,2041.0,97.0,23.97,13,1.0,2022,7,7,19,5,1
59,2022-07-07 19:00:00,2283.0,60.0,33.39,2,1.0,2022,7,7,19,5,1
60,2022-07-07 19:00:00,3482.0,236.0,23.36,17,2.0,2022,7,7,19,5,2
61,2022-07-07 20:00:00,1535.0,66.5,29.150002,12,1.0,2022,7,7,20,5,1
62,2022-07-07 20:00:00,1852.0,66.5,34.75,6,1.0,2022,7,7,20,5,1
63,2022-07-07 21:00:00,1535.0,63.5,29.665,4,1.0,2022,7,7,21,5,1
64,2022-07-07 22:00:00,1005.0,81.0,19.52,3,2.0,2022,7,7,22,5,2
65,2022-07-07 22:00:00,994.0,81.0,20.63,1,2.0,2022,7,7,22,5,2
66,2022-07-07 23:00:00,1005.0,79.5,19.689999,6,2.0,2022,7,7,23,5,2
67,2022-07-08 02:00:00,712.0,68.0,17.695,6,2.0,2022,7,8,2,6,2
68,2022-07-08 03:00:00,712.0,67.0,17.87,3,2.0,2022,7,8,3,6,2
69,2022-07-08 04:00:00,2464.0,343.0,16.26,2,2.0,2022,7,8,4,6,2
70,2022-07-08 04:00:00,985.0,217.0,10.96,3,3.0,2022,7,8,4,6,3
71,2022-07-08 04:00:00,1115.0,89.0,18.385,2,3.0,2022,7,8,4,6,3
72,2022-07-08 04:00:00,2923.0,123.0,29.4,7,1.0,2022,7,8,4,6,1
73,2022-07-08 05:00:00,1535.0,65.0,28.83,2,1.0,2022,7,8,5,6,1
74,2022-07-08 05:00:00,1612.0,135.0,26.099998,14,1.0,2022,7,8,5,6,1
75,2022-07-08 05:00:00,3055.0,256.5,20.01,12,2.0,2022,7,8,5,6,2
76,2022-07-08 05:00:00,1115.0,88.0,18.45,7,3.0,2022,7,8,5,6,3
77,2022-07-08 08:00:00,501.0,64.0,12.66,2,2.0,2022,7,8,8,6,2
78,2022-07-08 09:00:00,380.0,95.0,7.75,2,3.0,2022,7,8,9,6,3
79,2022-07-08 09:00:00,1343.0,88.0,23.68,3,2.0,2022,7,8,9,6,2
80,2022-07-08 09:00:00,1008.5,86.0,25.23,4,1.0,2022,7,8,9,6,1
81,2022-07-08 10:00:00,1698.0,79.5,27.83,8,1.0,2022,7,8,10,6,1
82,2022-07-08 11:00:00,418.0,82.0,10.7,2,3.0,2022,7,8,11,6,3
83,2022-07-08 13:00:00,416.0,131.5,9.025,6,4.0,2022,7,8,13,6,4
84,2022-07-08 13:00:00,226.0,633.0,1.17,1,4.0,2022,7,8,13,6,4
85,2022-07-08 14:00:00,360.0,87.0,10.78,3,3.0,2022,7,8,14,6,3
86,2022-07-08 14:00:00,767.0,62.0,21.314999,2,2.0,2022,7,8,14,6,2
87,2022-07-08 15:00:00,767.0,61.0,21.44,9,2.0,2022,7,8,15,6,2
88,2022-07-08 15:00:00,2616.0,198.0,21.005,12,1.0,2022,7,8,15,6,1
89,2022-07-08 15:00:00,2122.0,170.0,19.72,3,2.0,2022,7,8,15,6,2
90,2022-07-08 16:00:00,807.0,66.0,23.38,10,2.0,2022,7,8,16,6,2
91,2022-07-08 17:00:00,497.0,80.0,11.79,9,3.0,2022,7,8,17,6,3
92,2022-07-08 17:00:00,798.0,74.0,15.23,1,2.0,2022,7,8,17,6,2
93,2022-07-08 18:00:00,1862.0,83.5,28.845001,10,1.0,2022,7,8,18,6,1
94,2022-07-08 19:00:00,1535.0,70.0,28.69,5,1.0,2022,7,8,19,6,1
95,2022-07-08 21:00:00,1107.0,128.0,23.36,1,1.0,2022,7,8,21,6,1
96,2022-07-08 22:00:00,845.0,65.5,22.455,2,2.0,2022,7,8,22,6,2
97,2022-07-09 00:00:00,1676.0,102.5,24.34,6,2.0,2022,7,9,0,7,2
98,2022-07-09 01:00:00,1303.0,93.5,21.654999,2,2.0,2022,7,9,1,7,2
99,2022-07-09 02:00:00,902.0,118.0,25.07,9,1.0,2022,7,9,2,7,1
100,2022-07-09 05:00:00,2092.0,75.0,28.65,2,1.0,2022,7,9,5,7,1
101,2022-07-09 08:00:00,839.0,71.0,19.43,11,2.0,2022,7,9,8,7,2
102,2022-07-09 10:00:00,1937.5,89.5,26.065,4,1.0,2022,7,9,10,7,1
103,2022-07-09 11:00:00,2030.0,95.0,26.88,27,1.0,2022,7,9,11,7,1
104,2022-07-09 12:00:00,543.0,60.0,15.47,2,3.0,2022,7,9,12,7,3
105,2022-07-09 12:00:00,272.0,131.0,6.16,2,3.0,2022,7,9,12,7,3
106,2022-07-09 12:00:00,272.0,134.5,6.025,6,4.0,2022,7,9,12,7,4
107,2022-07-09 12:00:00,836.0,72.0,19.96,3,1.0,2022,7,9,12,7,1
108,2022-07-09 12:00:00,1005.0,73.0,20.36,1,2.0,2022,7,9,12,7,2
109,2022-07-09 12:00:00,1005.0,99.0,17.78,3,3.0,2022,7,9,12,7,3
110,2022-07-09 12:00:00,2201.0,104.0,27.74,7,1.0,2022,7,9,12,7,1
111,2022-07-09 12:00:00,561.0,93.0,10.34,1,3.0,2022,7,9,12,7,3
112,2022-07-09 12:00:00,1711.0,63.0,33.9,7,1.0,2022,7,9,12,7,1
113,2022-07-09 13:00:00,561.0,90.5,10.49,8,3.0,2022,7,9,13,7,3
114,2022-07-09 14:00:00,346.0,68.0,10.12,2,3.0,2022,7,9,14,7,3
115,2022-07-09 15:00:00,181.0,92.0,5.32,2,3.0,2022,7,9,15,7,3
116,2022-07-09 15:00:00,316.0,99.0,8.23,2,3.0,2022,7,9,15,7,3
117,2022-07-09 15:00:00,1737.0,133.0,21.06,3,2.0,2022,7,9,15,7,2
118,2022-07-09 16:00:00,1252.0,72.0,26.66,4,2.0,2022,7,9,16,7,2
119,2022-07-09 16:00:00,1404.0,60.0,38.105,2,1.0,2022,7,9,16,7,1
120,2022-07-09 16:00:00,426.0,150.0,7.245,8,4.0,2022,7,9,16,7,4
121,2022-07-09 16:00:00,719.0,65.5,17.060001,4,3.0,2022,7,9,16,7,3
122,2022-07-09 17:00:00,274.0,133.5,6.085,2,4.0,2022,7,9,17,7,4
123,2022-07-09 17:00:00,801.0,83.5,19.145,10,2.0,2022,7,9,17,7,2
124,2022-07-09 17:00:00,226.0,134.5,5.08,12,4.0,2022,7,9,17,7,4
125,2022-07-09 17:00:00,1535.0,68.0,29.0,7,1.0,2022,7,9,17,7,1
126,2022-07-09 17:00:00,1535.0,80.0,27.18,3,2.0,2022,7,9,17,7,2
127,2022-07-09 17:00:00,274.0,129.0,6.26,6,3.0,2022,7,9,17,7,3
128,2022-07-09 19:00:00,1058.0,88.0,20.05,9,2.0,2022,7,9,19,7,2
129,2022-07-09 19:00:00,698.0,66.0,17.95,1,3.0,2022,7,9,19,7,3
130,2022-07-09 19:00:00,2751.0,99.5,30.46,12,1.0,2022,7,9,19,7,1
131,2022-07-09 20:00:00,1679.0,126.0,21.71,9,2.0,2022,7,9,20,7,2
132,2022-07-09 20:00:00,332.0,62.0,8.89,8,3.0,2022,7,9,20,7,3
133,2022-07-09 20:00:00,257.0,210.0,3.73,13,4.0,2022,7,9,20,7,4
134,2022-07-10 09:00:00,887.0,72.0,21.7,1,2.0,2022,7,10,9,1,2
135,2022-07-10 10:00:00,1216.0,99.0,21.130001,4,2.0,2022,7,10,10,1,2
136,2022-07-10 10:00:00,1005.0,103.5,17.36,6,3.0,2022,7,10,10,1,3
137,2022-07-10 12:00:00,1462.0,63.0,28.82,8,1.0,2022,7,10,12,1,1
138,2022-07-10 13:00:00,371.0,86.0,10.88,7,3.0,2022,7,10,13,1,3
139,2022-07-10 14:00:00,561.0,72.0,11.56,1,3.0,2022,7,10,14,1,3
140,2022-07-10 17:00:00,1075.0,64.0,21.165,14,2.0,2022,7,10,17,1,2
141,2022-07-10 17:00:00,2113.0,99.5,30.295,10,1.0,2022,7,10,17,1,1
142,2022-07-10 18:00:00,346.0,93.0,8.45,13,3.0,2022,7,10,18,1,3
143,2022-07-10 18:00:00,721.0,67.5,19.395,6,2.0,2022,7,10,18,1,2
144,2022-07-10 20:00:00,666.0,66.0,19.94,1,2.0,2022,7,10,20,1,2
145,2022-07-10 20:00:00,1845.0,103.0,24.42,15,1.0,2022,7,10,20,1,1
146,2022-07-10 20:00:00,922.0,105.0,17.66,1,2.0,2022,7,10,20,1,2
147,2022-07-10 21:00:00,466.0,74.5,11.92,10,3.0,2022,7,10,21,1,3
148,2022-07-10 21:00:00,1752.5,103.0,23.564999,6,1.0,2022,7,10,21,1,1
149,2022-07-10 21:00:00,1660.0,158.0,19.26,12,2.0,2022,7,10,21,1,2
150,2022-07-10 21:00:00,2326.0,104.5,32.379997,12,1.0,2022,7,10,21,1,1
151,2022-07-10 22:00:00,2283.0,64.0,32.78,1,1.0,2022,7,10,22,1,1
152,2022-07-11 00:00:00,486.0,82.0,12.49,7,3.0,2022,7,11,0,2,3
153,2022-07-11 01:00:00,486.0,78.0,12.82,1,3.0,2022,7,11,1,2,3
154,2022-07-11 06:00:00,418.0,65.0,12.17,1,3.0,2022,7,11,6,2,3
155,2022-07-11 08:00:00,698.0,76.0,16.77,7,3.0,2022,7,11,8,2,3
156,2022-07-11 08:00:00,561.0,79.0,11.18,1,3.0,2022,7,11,8,2,3
157,2022-07-11 08:00:00,1041.0,93.0,18.39,1,2.0,2022,7,11,8,2,2
158,2022-07-11 10:00:00,1080.0,78.0,22.73,11,2.0,2022,7,11,10,2,2
159,2022-07-11 11:00:00,1210.5,135.0,16.075,2,2.0,2022,7,11,11,2,2
160,2022-07-11 11:00:00,1585.0,72.0,23.98,3,1.0,2022,7,11,11,2,1
161,2022-07-11 11:00:00,418.0,62.0,12.42,2,3.0,2022,7,11,11,2,3
162,2022-07-11 12:00:00,361.0,101.0,7.82,16,3.0,2022,7,11,12,2,3
163,2022-07-11 12:00:00,1519.0,72.0,26.19,13,1.0,2022,7,11,12,2,1
164,2022-07-11 12:00:00,998.0,111.0,13.86,3,2.0,2022,7,11,12,2,2
165,2022-07-11 13:00:00,464.0,88.0,12.35,5,3.0,2022,7,11,13,2,3
166,2022-07-11 13:00:00,1504.0,69.0,26.685,2,1.0,2022,7,11,13,2,1
167,2022-07-11 14:00:00,561.0,94.5,10.23,10,3.0,2022,7,11,14,2,3
168,2022-07-11 14:00:00,1127.0,81.0,26.675,8,2.0,2022,7,11,14,2,2
169,2022-07-11 14:00:00,516.0,102.0,12.42,13,3.0,2022,7,11,14,2,3
170,2022-07-11 14:00:00,836.0,80.0,19.119999,8,1.0,2022,7,11,14,2,1
171,2022-07-11 14:00:00,1434.0,76.0,22.79,7,2.0,2022,7,11,14,2,2
172,2022-07-11 15:00:00,1127.0,78.0,27.21,3,2.0,2022,7,11,15,2,2
173,2022-07-11 15:00:00,1291.0,98.0,24.49,1,1.0,2022,7,11,15,2,1
174,2022-07-11 15:00:00,553.0,64.0,12.47,9,3.0,2022,7,11,15,2,3
175,2022-07-11 16:00:00,1041.0,78.0,19.83,7,2.0,2022,7,11,16,2,2
176,2022-07-11 16:00:00,796.0,112.0,14.21,9,3.0,2022,7,11,16,2,3
177,2022-07-11 16:00:00,1754.0,100.0,22.31,1,1.0,2022,7,11,16,2,1
178,2022-07-11 16:00:00,561.0,77.0,11.25,1,3.0,2022,7,11,16,2,3
179,2022-07-11 16:00:00,692.0,82.0,14.69,9,2.0,2022,7,11,16,2,2
180,2022-07-11 17:00:00,1721.0,60.0,35.065,4,1.0,2022,7,11,17,2,1
181,2022-07-11 17:00:00,2433.0,152.0,25.39,6,2.0,2022,7,11,17,2,2
182,2022-07-11 17:00:00,497.0,61.0,13.645,6,2.0,2022,7,11,17,2,2
183,2022-07-11 17:00:00,771.0,113.5,12.825001,22,3.0,2022,7,11,17,2,3
184,2022-07-11 17:00:00,2194.0,115.0,25.16,6,1.0,2022,7,11,17,2,1
185,2022-07-11 17:00:00,1086.0,170.0,21.14,1,2.0,2022,7,11,17,2,2
186,2022-07-11 18:00:00,1823.0,123.0,24.17,7,1.0,2022,7,11,18,2,1
187,2022-07-11 18:00:00,1718.0,109.5,23.220001,4,2.0,2022,7,11,18,2,2
188,2022-07-11 18:00:00,1823.0,133.5,23.310001,2,2.0,2022,7,11,18,2,2
189,2022-07-11 18:00:00,361.0,74.0,9.1,5,3.0,2022,7,11,18,2,3
190,2022-07-11 18:00:00,918.0,64.0,22.09,9,1.0,2022,7,11,18,2,1
191,2022-07-11 19:00:00,806.0,122.0,13.58,11,3.0,2022,7,11,19,2,3
192,2022-07-11 19:00:00,1304.0,99.0,29.93,3,1.0,2022,7,11,19,2,1
193,2022-07-11 19:00:00,1660.0,87.0,25.43,11,1.0,2022,7,11,19,2,1
194,2022-07-11 20:00:00,867.0,65.5,21.349998,8,2.0,2022,7,11,20,2,2
195,2022-07-11 20:00:00,1238.0,80.5,22.515,4,2.0,2022,7,11,20,2,2
196,2022-07-11 21:00:00,1238.0,79.0,22.59,5,2.0,2022,7,11,21,2,2
197,2022-07-11 21:00:00,2201.0,116.0,26.59,5,1.0,2022,7,11,21,2,1
198,2022-07-12 02:00:00,754.0,138.0,13.49,9,3.0,2022,7,12,2,3,3
199,2022-07-12 07:00:00,380.0,183.0,5.76,11,4.0,2022,7,12,7,3,4
200,2022-07-12 08:00:00,712.0,66.0,17.97,5,2.0,2022,7,12,8,3,2
201,2022-07-12 11:00:00,951.0,71.0,22.05,4,2.0,2022,7,12,11,3,2
202,2022-07-12 11:00:00,1069.0,131.0,15.69,11,3.0,2022,7,12,11,3,3
203,2022-07-12 12:00:00,2201.0,179.0,22.134998,4,2.0,2022,7,12,12,3,2
204,2022-07-12 13:00:00,839.0,67.0,19.745,2,2.0,2022,7,12,13,3,2
205,2022-07-12 13:00:00,2201.0,200.0,20.81,1,2.0,2022,7,12,13,3,2
206,2022-07-12 14:00:00,1194.0,84.0,22.16,5,1.0,2022,7,12,14,3,1
207,2022-07-12 14:00:00,839.0,77.0,20.33,36,2.0,2022,7,12,14,3,2
208,2022-07-12 14:00:00,721.0,177.0,10.69,11,3.0,2022,7,12,14,3,3
209,2022-07-12 15:00:00,346.0,103.5,7.855,8,3.0,2022,7,12,15,3,3
210,2022-07-12 15:00:00,1035.0,108.5,19.965,10,2.0,2022,7,12,15,3,2
211,2022-07-12 15:00:00,1124.0,163.0,15.64,3,3.0,2022,7,12,15,3,3
212,2022-07-12 15:00:00,1318.0,72.0,24.83,1,1.0,2022,7,12,15,3,1
213,2022-07-12 15:00:00,721.0,72.0,18.78,5,2.0,2022,7,12,15,3,2
214,2022-07-12 15:00:00,1535.0,77.0,27.755001,4,1.0,2022,7,12,15,3,1
215,2022-07-12 15:00:00,1322.0,68.0,28.51,9,1.0,2022,7,12,15,3,1
216,2022-07-12 16:00:00,836.0,76.0,17.81,11,1.0,2022,7,12,16,3,1
217,2022-07-12 16:00:00,1005.0,86.0,19.0,1,2.0,2022,7,12,16,3,2
218,2022-07-12 16:00:00,2194.0,120.5,23.814999,24,1.0,2022,7,12,16,3,1
219,2022-07-12 16:00:00,1660.0,215.5,14.940001,22,2.0,2022,7,12,16,3,2
220,2022-07-12 16:00:00,867.0,81.0,15.450001,2,2.0,2022,7,12,16,3,2
221,2022-07-12 16:00:00,418.0,83.0,10.63,5,3.0,2022,7,12,16,3,3
222,2022-07-12 17:00:00,2191.0,111.0,24.185,10,1.0,2022,7,12,17,3,1
223,2022-07-12 17:00:00,694.0,79.0,18.76,9,2.0,2022,7,12,17,3,2
224,2022-07-12 18:00:00,1585.0,78.5,23.005001,6,2.0,2022,7,12,18,3,2
225,2022-07-12 18:00:00,1291.0,63.0,24.8,7,1.0,2022,7,12,18,3,1
226,2022-07-12 19:00:00,2201.0,135.0,24.94,9,1.0,2022,7,12,19,3,1
227,2022-07-12 23:00:00,561.0,71.0,11.66,1,3.0,2022,7,12,23,3,3
228,2022-07-13 07:00:00,2984.0,117.5,31.15,6,1.0,2022,7,13,7,4,1
229,2022-07-13 08:00:00,1455.0,72.0,27.1,2,1.0,2022,7,13,8,4,1
230,2022-07-13 08:00:00,2706.0,122.5,27.265,18,1.0,2022,7,13,8,4,1
231,2022-07-13 09:00:00,478.0,86.0,11.55,3,3.0,2022,7,13,9,4,3
232,2022-07-13 10:00:00,380.0,71.0,8.98,9,3.0,2022,7,13,10,4,3
233,2022-07-13 11:00:00,658.0,73.0,16.2,15,2.0,2022,7,13,11,4,2
234,2022-07-13 11:00:00,2007.0,90.5,25.295,2,1.0,2022,7,13,11,4,1
235,2022-07-13 11:00:00,1632.0,80.0,22.75,2,2.0,2022,7,13,11,4,2
236,2022-07-13 11:00:00,1291.0,96.0,25.96,1,1.0,2022,7,13,11,4,1
237,2022-07-13 12:00:00,666.0,65.0,19.73,2,2.0,2022,7,13,12,4,2
238,2022-07-13 12:00:00,2007.0,90.0,25.33,1,1.0,2022,7,13,12,4,1
239,2022-07-13 13:00:00,2191.0,109.5,26.18,12,1.0,2022,7,13,13,4,1
240,2022-07-13 14:00:00,561.0,112.5,9.355,10,3.0,2022,7,13,14,4,3
241,2022-07-13 14:00:00,1452.0,75.0,26.07,10,2.0,2022,7,13,14,4,2
242,2022-07-13 14:00:00,721.0,283.0,7.43,9,3.0,2022,7,13,14,4,3
243,2022-07-13 15:00:00,2201.0,88.5,29.279999,22,1.0,2022,7,13,15,4,1
244,2022-07-13 15:00:00,835.0,90.0,13.6,1,2.0,2022,7,13,15,4,2
245,2022-07-13 15:00:00,380.0,72.0,8.94,8,3.0,2022,7,13,15,4,3
246,2022-07-13 15:00:00,2204.0,94.0,29.95,19,1.0,2022,7,13,15,4,1
247,2022-07-13 15:00:00,1762.0,107.0,23.45,17,2.0,2022,7,13,15,4,2
248,2022-07-13 15:00:00,1041.0,123.0,16.04,1,3.0,2022,7,13,15,4,3
249,2022-07-13 16:00:00,360.0,85.0,10.75,7,3.0,2022,7,13,16,4,3
250,2022-07-13 16:00:00,2751.0,94.0,31.11,5,1.0,2022,7,13,16,4,1
251,2022-07-13 16:00:00,1823.0,83.0,29.24,2,1.0,2022,7,13,16,4,1
252,2022-07-13 16:00:00,380.0,68.0,9.15,3,3.0,2022,7,13,16,4,3
253,2022-07-13 16:00:00,1535.0,91.0,25.83,13,2.0,2022,7,13,16,4,2
254,2022-07-13 16:00:00,505.0,75.5,10.74,2,3.0,2022,7,13,16,4,3
255,2022-07-13 17:00:00,985.0,99.0,22.34,3,1.0,2022,7,13,17,4,1
256,2022-07-13 17:00:00,418.0,102.0,9.35,3,3.0,2022,7,13,17,4,3
257,2022-07-13 17:00:00,2079.0,69.0,34.78,9,1.0,2022,7,13,17,4,1
258,2022-07-13 18:00:00,2012.0,79.0,29.5,11,1.0,2022,7,13,18,4,1
259,2022-07-13 18:00:00,1698.0,294.0,15.025,8,2.0,2022,7,13,18,4,2
260,2022-07-13 18:00:00,2012.0,302.5,15.61,8,3.0,2022,7,13,18,4,3
261,2022-07-13 19:00:00,181.0,84.5,5.0,6,2.0,2022,7,13,19,4,2
262,2022-07-13 19:00:00,181.0,89.5,4.815,10,3.0,2022,7,13,19,4,3
263,2022-07-13 19:00:00,658.0,66.0,17.98,11,2.0,2022,7,13,19,4,2
264,2022-07-13 20:00:00,1124.0,115.5,19.205,8,2.0,2022,7,13,20,4,2
265,2022-07-13 20:00:00,316.0,83.0,9.33,10,3.0,2022,7,13,20,4,3
266,2022-07-13 21:00:00,1132.0,134.0,13.98,1,3.0,2022,7,13,21,4,3
267,2022-07-13 21:00:00,1986.0,96.5,25.635,10,2.0,2022,7,13,21,4,2
268,2022-07-13 21:00:00,1045.0,95.0,17.79,3,1.0,2022,7,13,21,4,1
269,2022-07-13 21:00:00,1952.0,155.0,20.14,9,2.0,2022,7,13,21,4,2
270,2022-07-13 21:00:00,1167.0,175.0,17.76,1,3.0,2022,7,13,21,4,3
271,2022-07-13 21:00:00,1535.0,72.0,27.76,1,1.0,2022,7,13,21,4,1
272,2022-07-14 00:00:00,738.0,169.0,20.65,1,1.0,2022,7,14,0,5,1
273,2022-07-14 06:00:00,561.0,77.0,11.3,2,3.0,2022,7,14,6,5,3
274,2022-07-14 06:00:00,1177.0,64.0,28.57,11,1.0,2022,7,14,6,5,1
275,2022-07-14 07:00:00,2194.0,84.5,27.904999,10,1.0,2022,7,14,7,5,1
276,2022-07-14 08:00:00,935.0,121.0,18.75,10,3.0,2022,7,14,8,5,3
277,2022-07-14 09:00:00,4001.0,152.0,34.620003,6,1.0,2022,7,14,9,5,1
278,2022-07-14 09:00:00,486.0,77.0,12.92,1,3.0,2022,7,14,9,5,3
279,2022-07-14 09:00:00,561.0,91.0,10.36,11,3.0,2022,7,14,9,5,3
280,2022-07-14 10:00:00,1780.0,212.0,17.53,11,2.0,2022,7,14,10,5,2
281,2022-07-14 10:00:00,1271.0,75.0,23.33,3,1.0,2022,7,14,10,5,1
282,2022-07-14 10:00:00,486.0,76.0,13.07,7,3.0,2022,7,14,10,5,3
283,2022-07-14 12:00:00,316.0,86.0,9.115,10,3.0,2022,7,14,12,5,3
284,2022-07-14 13:00:00,733.0,166.0,20.25,2,2.0,2022,7,14,13,5,2
285,2022-07-14 13:00:00,843.0,66.0,21.99,1,2.0,2022,7,14,13,5,2
286,2022-07-14 14:00:00,630.5,89.0,15.69,6,2.0,2022,7,14,14,5,2
287,2022-07-14 14:00:00,360.0,140.0,7.32,25,3.0,2022,7,14,14,5,3
288,2022-07-14 14:00:00,2094.0,109.0,26.925,2,1.0,2022,7,14,14,5,1
289,2022-07-14 15:00:00,738.0,638.0,3.71,1,4.0,2022,7,14,15,5,4
290,2022-07-14 15:00:00,1698.0,113.0,23.84,21,1.0,2022,7,14,15,5,1
291,2022-07-14 15:00:00,1847.0,80.0,31.974998,10,1.0,2022,7,14,15,5,1
292,2022-07-14 15:00:00,3104.0,180.0,28.53,1,2.0,2022,7,14,15,5,2
293,2022-07-14 15:00:00,1941.0,112.0,24.415,8,1.0,2022,7,14,15,5,1
294,2022-07-14 15:00:00,839.0,69.5,19.25,28,2.0,2022,7,14,15,5,2
295,2022-07-14 15:00:00,540.0,138.0,12.72,11,3.0,2022,7,14,15,5,3
296,2022-07-14 15:00:00,1845.0,302.0,14.14,9,2.0,2022,7,14,15,5,2
297,2022-07-14 15:00:00,1291.0,320.0,10.52,11,3.0,2022,7,14,15,5,3
298,2022-07-14 15:00:00,350.0,73.0,10.46,3,3.0,2022,7,14,15,5,3
299,2022-07-14 16:00:00,721.0,204.0,9.6,27,3.0,2022,7,14,16,5,3
300,2022-07-14 16:00:00,2369.0,88.0,32.64,1,1.0,2022,7,14,16,5,1
301,2022-07-14 16:00:00,2596.0,93.0,31.71,7,1.0,2022,7,14,16,5,1
302,2022-07-14 16:00:00,721.0,95.0,16.105,8,2.0,2022,7,14,16,5,2
303,2022-07-14 16:00:00,624.0,70.0,15.365,2,2.0,2022,7,14,16,5,2
304,2022-07-14 17:00:00,3110.0,131.0,29.91,13,1.0,2022,7,14,17,5,1
305,2022-07-14 17:00:00,2201.0,76.0,30.69,9,1.0,2022,7,14,17,5,1
306,2022-07-14 17:00:00,624.0,69.5,15.434999,4,2.0,2022,7,14,17,5,2
307,2022-07-14 18:00:00,2201.0,73.0,31.09,3,1.0,2022,7,14,18,5,1
308,2022-07-14 19:00:00,478.0,80.5,13.505,2,3.0,2022,7,14,19,5,3
309,2022-07-14 19:00:00,1556.0,66.0,28.56,1,1.0,2022,7,14,19,5,1
310,2022-07-14 19:00:00,951.0,77.0,19.52,16,2.0,2022,7,14,19,5,2
311,2022-07-14 19:00:00,1462.0,63.5,29.18,12,1.0,2022,7,14,19,5,1
312,2022-07-14 19:00:00,2149.0,60.0,38.78,2,1.0,2022,7,14,19,5,1
313,2022-07-14 20:00:00,1249.0,129.0,18.46,3,2.0,2022,7,14,20,5,2
314,2022-07-14 20:00:00,2751.0,94.0,31.215,6,1.0,2022,7,14,20,5,1
315,2022-07-14 20:00:00,1823.0,141.0,24.9,1,2.0,2022,7,14,20,5,2
316,2022-07-14 20:00:00,418.0,62.0,12.48,5,3.0,2022,7,14,20,5,3
317,2022-07-14 20:00:00,2149.0,60.0,38.78,1,1.0,2022,7,14,20,5,1
318,2022-07-14 20:00:00,712.0,90.0,15.38,8,3.0,2022,7,14,20,5,3
319,2022-07-14 22:00:00,1698.0,72.0,27.03,15,1.0,2022,7,14,22,5,1
320,2022-07-14 23:00:00,1248.0,65.0,27.305,4,1.0,2022,7,14,23,5,1
321,2022-07-15 00:00:00,1714.0,66.0,28.11,6,1.0,2022,7,15,0,6,1
322,2022-07-15 01:00:00,1636.5,77.0,25.825,12,1.0,2022,7,15,1,6,1
323,2022-07-15 01:00:00,542.0,118.0,10.15,1,3.0,2022,7,15,1,6,3
324,2022-07-15 01:00:00,1714.0,64.0,28.39,3,1.0,2022,7,15,1,6,1
325,2022-07-15 02:00:00,2094.0,84.0,29.47,9,1.0,2022,7,15,2,6,1
326,2022-07-15 04:00:00,1071.0,63.0,25.990002,6,1.0,2022,7,15,4,6,1
327,2022-07-15 04:00:00,3240.5,163.0,30.885,14,1.0,2022,7,15,4,6,1
328,2022-07-15 05:00:00,1434.0,82.5,24.175,8,1.0,2022,7,15,5,6,1
329,2022-07-15 06:00:00,561.0,89.0,10.59,1,3.0,2022,7,15,6,6,3
330,2022-07-15 08:00:00,1248.0,74.0,25.88,2,1.0,2022,7,15,8,6,1
331,2022-07-15 08:00:00,1376.0,64.0,24.44,1,1.0,2022,7,15,8,6,1
332,2022-07-15 10:00:00,1039.0,66.0,18.86,1,2.0,2022,7,15,10,6,2
333,2022-07-15 10:00:00,316.0,93.0,8.67,5,3.0,2022,7,15,10,6,3
334,2022-07-15 10:00:00,1367.0,61.5,28.635,6,1.0,2022,7,15,10,6,1
335,2022-07-15 10:00:00,783.0,60.0,23.27,2,2.0,2022,7,15,10,6,2
336,2022-07-15 11:00:00,2320.0,117.5,24.37,12,1.0,2022,7,15,11,6,1
337,2022-07-15 11:00:00,735.0,63.0,18.9,1,2.0,2022,7,15,11,6,2
338,2022-07-15 11:00:00,2192.0,85.0,34.215,2,1.0,2022,7,15,11,6,1
339,2022-07-15 11:00:00,1177.0,83.0,25.21,1,2.0,2022,7,15,11,6,2
340,2022-07-15 13:00:00,721.0,72.0,18.79,13,2.0,2022,7,15,13,6,2
341,2022-07-15 14:00:00,1753.0,278.5,14.455,6,2.0,2022,7,15,14,6,2
342,2022-07-15 14:00:00,836.0,66.0,18.09,3,1.0,2022,7,15,14,6,1
343,2022-07-15 14:00:00,721.0,78.0,16.91,7,2.0,2022,7,15,14,6,2
344,2022-07-15 14:00:00,658.0,103.5,14.7,4,3.0,2022,7,15,14,6,3
345,2022-07-15 14:00:00,1291.0,75.0,23.25,2,1.0,2022,7,15,14,6,1
346,2022-07-15 14:00:00,2030.0,365.0,13.16,18,3.0,2022,7,15,14,6,3
347,2022-07-15 14:00:00,497.0,61.0,13.79,7,2.0,2022,7,15,14,6,2
348,2022-07-15 15:00:00,3027.0,216.0,20.62,3,1.0,2022,7,15,15,6,1
349,2022-07-15 15:00:00,2517.0,237.0,19.78,6,2.0,2022,7,15,15,6,2
350,2022-07-15 15:00:00,922.0,76.0,12.73,5,3.0,2022,7,15,15,6,3
351,2022-07-15 15:00:00,658.0,82.0,15.48,12,3.0,2022,7,15,15,6,3
352,2022-07-15 16:00:00,316.0,109.5,7.77,10,3.0,2022,7,15,16,6,3
353,2022-07-15 16:00:00,2204.0,70.0,32.93,9,1.0,2022,7,15,16,6,1
354,2022-07-15 16:00:00,1462.0,65.0,29.05,15,1.0,2022,7,15,16,6,1
355,2022-07-15 17:00:00,1975.0,143.0,21.65,26,2.0,2022,7,15,17,6,2
356,2022-07-15 17:00:00,1200.0,136.5,16.345,2,3.0,2022,7,15,17,6,3
357,2022-07-15 17:00:00,2204.0,67.0,33.32,3,1.0,2022,7,15,17,6,1
358,2022-07-15 17:00:00,472.0,83.0,14.12,5,3.0,2022,7,15,17,6,3
359,2022-07-15 17:00:00,1887.0,104.0,27.54,25,1.0,2022,7,15,17,6,1
360,2022-07-15 17:00:00,2079.0,69.0,35.38,9,1.0,2022,7,15,17,6,1
361,2022-07-15 17:00:00,1676.0,75.0,27.35,1,2.0,2022,7,15,17,6,2
362,2022-07-15 18:00:00,1367.0,63.0,28.79,5,1.0,2022,7,15,18,6,1
363,2022-07-15 19:00:00,626.0,77.5,12.27,2,3.0,2022,7,15,19,6,3
364,2022-07-15 19:00:00,956.0,96.0,14.27,7,2.0,2022,7,15,19,6,2
365,2022-07-15 20:00:00,658.0,65.0,17.97,2,2.0,2022,7,15,20,6,2
366,2022-07-15 20:00:00,1462.0,104.5,23.849998,2,2.0,2022,7,15,20,6,2
367,2022-07-15 20:00:00,2433.0,122.5,28.135,8,2.0,2022,7,15,20,6,2
368,2022-07-15 20:00:00,2449.0,90.0,34.51,11,1.0,2022,7,15,20,6,1
369,2022-07-15 22:00:00,553.0,74.0,15.84,3,2.0,2022,7,15,22,6,2
370,2022-07-15 23:00:00,1509.0,75.0,29.24,2,1.0,2022,7,15,23,6,1
371,2022-07-16 00:00:00,2201.0,114.0,26.95,2,1.0,2022,7,16,0,7,1
372,2022-07-16 01:00:00,590.0,70.0,16.24,9,2.0,2022,7,16,1,7,2
373,2022-07-16 06:00:00,2194.0,80.0,28.38,1,1.0,2022,7,16,6,7,1
374,2022-07-16 07:00:00,1466.0,77.5,27.29,6,1.0,2022,7,16,7,7,1
375,2022-07-16 07:00:00,316.0,107.0,7.82,5,3.0,2022,7,16,7,7,3
376,2022-07-16 08:00:00,712.0,186.0,9.77,9,3.0,2022,7,16,8,7,3
377,2022-07-16 08:00:00,839.0,143.0,13.23,6,3.0,2022,7,16,8,7,3
378,2022-07-16 08:00:00,316.0,104.0,7.96,5,3.0,2022,7,16,8,7,3
379,2022-07-16 08:00:00,358.0,163.0,6.79,1,4.0,2022,7,16,8,7,4
380,2022-07-16 09:00:00,721.0,66.0,19.71,3,2.0,2022,7,16,9,7,2
381,2022-07-16 09:00:00,1698.0,99.0,25.37,15,1.0,2022,7,16,9,7,1
382,2022-07-16 10:00:00,1455.0,66.0,24.24,17,1.0,2022,7,16,10,7,1
383,2022-07-16 10:00:00,839.0,70.0,19.46,9,2.0,2022,7,16,10,7,2
384,2022-07-16 11:00:00,1462.0,63.0,29.54,5,1.0,2022,7,16,11,7,1
385,2022-07-16 11:00:00,418.0,97.0,9.64,9,3.0,2022,7,16,11,7,3
386,2022-07-16 11:00:00,839.0,95.0,16.805,12,2.0,2022,7,16,11,7,2
387,2022-07-16 12:00:00,2283.0,74.0,31.58,3,1.0,2022,7,16,12,7,1
388,2022-07-16 14:00:00,1625.0,100.5,24.225,10,2.0,2022,7,16,14,7,2
389,2022-07-16 14:00:00,1823.0,75.0,28.32,9,1.0,2022,7,16,14,7,1
390,2022-07-16 14:00:00,1650.0,73.5,29.515,20,1.0,2022,7,16,14,7,1
391,2022-07-16 14:00:00,346.0,157.0,5.88,19,4.0,2022,7,16,14,7,4
392,2022-07-16 14:00:00,360.0,127.5,8.07,10,3.0,2022,7,16,14,7,3
393,2022-07-16 15:00:00,665.0,425.0,4.28,1,3.0,2022,7,16,15,7,3
394,2022-07-16 15:00:00,665.0,132.0,9.01,3,2.0,2022,7,16,15,7,2
395,2022-07-16 16:00:00,796.0,80.0,16.92,3,2.0,2022,7,16,16,7,2
396,2022-07-16 16:00:00,2370.0,172.0,27.24,11,1.0,2022,7,16,16,7,1
397,2022-07-16 16:00:00,576.0,77.0,14.26,7,3.0,2022,7,16,16,7,3
398,2022-07-16 16:00:00,1303.0,111.0,24.96,21,1.0,2022,7,16,16,7,1
399,2022-07-16 16:00:00,721.0,63.5,20.02,6,2.0,2022,7,16,16,7,2
400,2022-07-16 17:00:00,346.0,66.5,10.280001,4,3.0,2022,7,16,17,7,3
401,2022-07-16 18:00:00,1789.0,60.0,26.5,4,1.0,2022,7,16,18,7,1
402,2022-07-16 18:00:00,946.0,77.0,20.725,2,2.0,2022,7,16,18,7,2
403,2022-07-16 18:00:00,585.0,60.0,16.22,1,2.0,2022,7,16,18,7,2
404,2022-07-16 18:00:00,1005.0,101.0,17.59,11,3.0,2022,7,16,18,7,3
405,2022-07-16 18:00:00,2194.0,136.0,23.77,7,1.0,2022,7,16,18,7,1
406,2022-07-16 18:00:00,2201.0,163.0,22.97,9,2.0,2022,7,16,18,7,2
407,2022-07-16 19:00:00,1519.0,115.5,21.805,4,2.0,2022,7,16,19,7,2
408,2022-07-16 19:00:00,1556.0,86.0,25.42,9,2.0,2022,7,16,19,7,2
409,2022-07-16 19:00:00,562.0,104.5,13.125,2,3.0,2022,7,16,19,7,3
410,2022-07-16 19:00:00,996.0,72.0,21.91,9,1.0,2022,7,16,19,7,1
411,2022-07-16 19:00:00,2030.0,101.0,25.55,6,1.0,2022,7,16,19,7,1
412,2022-07-16 19:00:00,361.0,77.0,8.89,15,3.0,2022,7,16,19,7,3
413,2022-07-16 20:00:00,562.0,101.5,13.255,8,3.0,2022,7,16,20,7,3
414,2022-07-16 20:00:00,1887.0,76.0,29.08,11,1.0,2022,7,16,20,7,1
415,2022-07-16 20:00:00,271.0,99.0,6.32,3,3.0,2022,7,16,20,7,3
416,2022-07-16 20:00:00,185.0,93.5,4.765,2,4.0,2022,7,16,20,7,4
417,2022-07-16 20:00:00,2232.0,61.0,38.46,1,1.0,2022,7,16,20,7,1
418,2022-07-16 22:00:00,1621.0,67.0,34.1,11,1.0,2022,7,16,22,7,1
419,2022-07-16 23:00:00,1132.0,73.0,25.035,4,1.0,2022,7,16,23,7,1
420,2022-07-17 10:00:00,1026.0,67.5,22.9,4,2.0,2022,7,17,10,1,2
421,2022-07-17 11:00:00,994.0,94.0,19.16,7,2.0,2022,7,17,11,1,2
422,2022-07-17 12:00:00,658.0,68.0,18.41,5,2.0,2022,7,17,12,1,2
423,2022-07-17 12:00:00,2567.0,105.0,29.505001,4,1.0,2022,7,17,12,1,1
424,2022-07-17 13:00:00,843.0,69.0,21.43,2,2.0,2022,7,17,13,1,2
425,2022-07-17 13:00:00,307.0,76.5,8.455,10,3.0,2022,7,17,13,1,3
426,2022-07-17 13:00:00,569.0,194.0,8.49,3,4.0,2022,7,17,13,1,4
427,2022-07-17 13:00:00,346.0,83.0,9.02,9,3.0,2022,7,17,13,1,3
428,2022-07-17 13:00:00,866.0,112.0,15.11,5,3.0,2022,7,17,13,1,3
429,2022-07-17 14:00:00,346.0,92.0,8.49,4,3.0,2022,7,17,14,1,3
430,2022-07-17 14:00:00,346.0,141.5,6.35,10,4.0,2022,7,17,14,1,4
431,2022-07-17 14:00:00,721.0,97.0,15.02,13,2.0,2022,7,17,14,1,2
432,2022-07-17 14:00:00,260.0,96.0,7.79,4,3.0,2022,7,17,14,1,3
433,2022-07-17 14:00:00,1698.0,100.0,25.48,4,1.0,2022,7,17,14,1,1
434,2022-07-17 14:00:00,361.0,63.0,9.88,2,3.0,2022,7,17,14,1,3
435,2022-07-17 15:00:00,1404.0,63.0,37.22,7,1.0,2022,7,17,15,1,1
436,2022-07-17 15:00:00,540.0,108.5,12.309999,6,3.0,2022,7,17,15,1,3
437,2022-07-17 15:00:00,1404.0,66.0,36.495,4,2.0,2022,7,17,15,1,2
438,2022-07-17 15:00:00,1932.0,90.0,32.54,3,1.0,2022,7,17,15,1,1
439,2022-07-17 15:00:00,346.0,98.0,8.16,24,3.0,2022,7,17,15,1,3
440,2022-07-17 15:00:00,346.0,134.0,6.58,16,4.0,2022,7,17,15,1,4
441,2022-07-17 15:00:00,721.0,80.0,17.76,19,2.0,2022,7,17,15,1,2
442,2022-07-17 16:00:00,1045.0,75.0,19.59,6,1.0,2022,7,17,16,1,1
443,2022-07-17 16:00:00,1481.0,106.0,25.5,6,2.0,2022,7,17,16,1,2
444,2022-07-17 16:00:00,898.0,82.0,18.035,30,2.0,2022,7,17,16,1,2
445,2022-07-17 16:00:00,721.0,128.0,13.325001,12,3.0,2022,7,17,16,1,3
446,2022-07-17 16:00:00,1462.0,72.0,27.94,3,1.0,2022,7,17,16,1,1
447,2022-07-17 16:00:00,2201.0,174.0,22.25,8,2.0,2022,7,17,16,1,2
448,2022-07-17 16:00:00,2695.0,382.0,16.26,8,3.0,2022,7,17,16,1,3
449,2022-07-17 17:00:00,1537.0,147.0,20.33,9,2.0,2022,7,17,17,1,2
450,2022-07-17 17:00:00,1640.0,76.0,28.575,8,1.0,2022,7,17,17,1,1
451,2022-07-17 17:00:00,778.5,96.5,15.945,4,3.0,2022,7,17,17,1,3
452,2022-07-17 17:00:00,316.0,82.0,9.41,3,3.0,2022,7,17,17,1,3
453,2022-07-17 17:00:00,1462.0,72.0,27.48,2,1.0,2022,7,17,17,1,1
454,2022-07-17 18:00:00,1462.0,72.0,27.9,5,1.0,2022,7,17,18,1,1
455,2022-07-17 18:00:00,1722.0,98.0,26.61,3,2.0,2022,7,17,18,1,2
456,2022-07-17 18:00:00,1552.0,64.0,33.370003,4,1.0,2022,7,17,18,1,1
457,2022-07-17 19:00:00,1535.0,72.0,27.62,21,1.0,2022,7,17,19,1,1
458,2022-07-17 19:00:00,1367.0,78.0,21.99,11,2.0,2022,7,17,19,1,2
459,2022-07-17 20:00:00,941.0,347.0,8.1,3,3.0,2022,7,17,20,1,3
460,2022-07-17 20:00:00,941.0,357.0,7.92,2,4.0,2022,7,17,20,1,4
461,2022-07-17 21:00:00,1534.0,132.0,22.67,4,2.0,2022,7,17,21,1,2
462,2022-07-17 21:00:00,2283.0,101.0,28.46,9,1.0,2022,7,17,21,1,1
463,2022-07-17 21:00:00,3031.0,99.0,37.08,13,1.0,2022,7,17,21,1,1
464,2022-07-17 22:00:00,2217.0,108.0,25.69,6,1.0,2022,7,17,22,1,1
465,2022-07-17 23:00:00,2232.0,76.0,35.87,1,1.0,2022,7,17,23,1,1
466,2022-07-17 23:00:00,757.0,85.0,20.48,3,2.0,2022,7,17,23,1,2
467,2022-07-18 02:00:00,2283.0,63.0,32.96,3,1.0,2022,7,18,2,2,1
468,2022-07-18 07:00:00,779.0,73.0,17.9,2,3.0,2022,7,18,7,2,3
469,2022-07-18 09:00:00,1108.0,65.0,29.37,1,1.0,2022,7,18,9,2,1
470,2022-07-18 10:00:00,1108.0,68.0,25.93,11,1.0,2022,7,18,10,2,1
471,2022-07-18 10:00:00,2068.0,110.0,29.1,13,1.0,2022,7,18,10,2,1
472,2022-07-18 12:00:00,839.0,64.0,20.24,11,2.0,2022,7,18,12,2,2
473,2022-07-18 13:00:00,634.0,197.5,9.35,2,3.0,2022,7,18,13,2,3
474,2022-07-18 13:00:00,634.0,322.5,6.185,14,4.0,2022,7,18,13,2,4
475,2022-07-18 16:00:00,1367.0,63.0,28.39,2,1.0,2022,7,18,16,2,1
476,2022-07-18 17:00:00,1462.0,64.0,29.25,9,1.0,2022,7,18,17,2,1
477,2022-07-18 17:00:00,1676.0,66.0,32.42,10,1.0,2022,7,18,17,2,1
478,2022-07-18 18:00:00,1625.0,68.0,28.53,5,1.0,2022,7,18,18,2,1
479,2022-07-18 18:00:00,1283.0,63.5,28.91,10,1.0,2022,7,18,18,2,1
480,2022-07-18 18:00:00,1005.0,89.0,18.63,7,2.0,2022,7,18,18,2,2
481,2022-07-18 18:00:00,1005.0,93.0,18.305,2,3.0,2022,7,18,18,2,3
482,2022-07-18 19:00:00,1660.0,70.0,29.8,9,1.0,2022,7,18,19,2,1
483,2022-07-18 19:00:00,1676.0,81.5,26.585,2,2.0,2022,7,18,19,2,2
484,2022-07-18 20:00:00,1810.0,124.0,23.2,2,2.0,2022,7,18,20,2,2
485,2022-07-18 20:00:00,1676.0,81.0,26.61,2,2.0,2022,7,18,20,2,2
486,2022-07-19 09:00:00,712.0,65.0,18.06,11,2.0,2022,7,19,9,3,2
487,2022-07-19 11:00:00,1291.0,69.0,24.99,11,1.0,2022,7,19,11,3,1
488,2022-07-19 12:00:00,1271.0,101.0,26.6,3,1.0,2022,7,19,12,3,1
489,2022-07-19 12:00:00,1672.0,64.0,28.38,12,1.0,2022,7,19,12,3,1
490,2022-07-19 12:00:00,375.0,62.5,10.785,2,3.0,2022,7,19,12,3,3
491,2022-07-19 14:00:00,1535.0,64.0,28.88,3,1.0,2022,7,19,14,3,1
492,2022-07-19 14:00:00,665.0,60.0,18.75,1,2.0,2022,7,19,14,3,2
493,2022-07-19 16:00:00,297.0,133.0,6.23,10,4.0,2022,7,19,16,3,4
494,2022-07-19 16:00:00,935.0,91.0,22.51,9,2.0,2022,7,19,16,3,2
495,2022-07-19 19:00:00,346.0,101.0,9.35,9,3.0,2022,7,19,19,3,3
496,2022-07-19 19:00:00,1367.0,68.0,27.61,8,1.0,2022,7,19,19,3,1
497,2022-07-20 06:00:00,561.0,93.0,10.35,1,3.0,2022,7,20,6,4,3
498,2022-07-20 06:00:00,2449.0,79.0,35.99,11,1.0,2022,7,20,6,4,1
499,2022-07-20 08:00:00,418.0,70.0,11.78,6,3.0,2022,7,20,8,4,3
500,2022-07-20 09:00:00,958.0,65.0,21.46,1,2.0,2022,7,20,9,4,2
501,2022-07-20 09:00:00,489.5,93.0,10.495,2,3.0,2022,7,20,9,4,3
502,2022-07-20 11:00:00,466.0,65.0,12.77,7,2.0,2022,7,20,11,4,2
503,2022-07-20 11:00:00,649.0,64.0,16.24,1,3.0,2022,7,20,11,4,3
504,2022-07-20 11:00:00,1153.0,66.0,25.83,1,1.0,2022,7,20,11,4,1
505,2022-07-20 11:00:00,712.0,68.0,17.76,9,2.0,2022,7,20,11,4,2
506,2022-07-20 12:00:00,1153.0,65.0,26.08,9,1.0,2022,7,20,12,4,1
507,2022-07-20 14:00:00,1862.0,101.0,26.82,9,1.0,2022,7,20,14,4,1
508,2022-07-20 15:00:00,1845.0,97.0,25.03,15,1.0,2022,7,20,15,4,1
509,2022-07-20 16:00:00,918.0,79.0,22.225,4,1.0,2022,7,20,16,4,1
510,2022-07-20 16:00:00,721.0,142.0,12.465,2,3.0,2022,7,20,16,4,3
511,2022-07-20 16:00:00,2191.0,209.0,18.689999,8,2.0,2022,7,20,16,4,2
512,2022-07-20 17:00:00,1681.0,161.0,20.19,5,2.0,2022,7,20,17,4,2
513,2022-07-20 17:00:00,1877.0,169.0,18.21,7,3.0,2022,7,20,17,4,3
514,2022-07-20 17:00:00,721.0,139.0,12.68,3,3.0,2022,7,20,17,4,3
515,2022-07-20 18:00:00,408.0,82.0,10.29,2,3.0,2022,7,20,18,4,3
516,2022-07-20 19:00:00,649.0,65.0,16.12,1,3.0,2022,7,20,19,4,3
517,2022-07-20 19:00:00,560.0,63.0,16.69,1,2.0,2022,7,20,19,4,2
518,2022-07-20 19:00:00,497.0,62.0,13.54,1,2.0,2022,7,20,19,4,2
519,2022-07-20 20:00:00,649.0,63.5,16.295,10,3.0,2022,7,20,20,4,3
520,2022-07-20 20:00:00,199.0,126.5,4.775,10,4.0,2022,7,20,20,4,4
521,2022-07-20 22:00:00,1737.0,89.0,25.74,11,1.0,2022,7,20,22,4,1
522,2022-07-20 22:00:00,1421.0,111.0,23.11,11,1.0,2022,7,20,22,4,1
523,2022-07-21 06:00:00,902.0,89.5,21.755001,2,2.0,2022,7,21,6,5,2
524,2022-07-21 06:00:00,1039.0,70.0,22.41,9,2.0,2022,7,21,6,5,2
525,2022-07-21 07:00:00,659.0,63.0,18.42,2,2.0,2022,7,21,7,5,2
526,2022-07-21 09:00:00,418.0,68.0,11.85,1,3.0,2022,7,21,9,5,3
527,2022-07-21 10:00:00,1196.0,69.0,26.47,9,2.0,2022,7,21,10,5,2
528,2022-07-21 10:00:00,2937.0,89.0,37.58,1,1.0,2022,7,21,10,5,1
529,2022-07-21 11:00:00,2937.0,86.5,37.885002,10,1.0,2022,7,21,11,5,1
530,2022-07-21 15:00:00,2458.0,101.0,31.96,7,1.0,2022,7,21,15,5,1
531,2022-07-21 15:00:00,1376.0,63.0,23.89,5,1.0,2022,7,21,15,5,1
532,2022-07-21 15:00:00,922.0,93.0,26.28,5,1.0,2022,7,21,15,5,1
533,2022-07-21 16:00:00,478.0,62.0,14.14,9,3.0,2022,7,21,16,5,3
534,2022-07-21 16:00:00,1065.0,65.0,23.99,2,2.0,2022,7,21,16,5,2
535,2022-07-21 16:00:00,2144.0,87.0,32.0,7,1.0,2022,7,21,16,5,1
536,2022-07-21 19:00:00,1039.0,67.0,18.79,1,2.0,2022,7,21,19,5,2
537,2022-07-21 19:00:00,836.0,71.5,18.4,4,1.0,2022,7,21,19,5,1
538,2022-07-21 19:00:00,1832.0,117.5,21.955,8,2.0,2022,7,21,19,5,2
539,2022-07-21 19:00:00,1889.0,69.0,30.39,13,1.0,2022,7,21,19,5,1
540,2022-07-21 20:00:00,1698.0,85.0,26.83,3,1.0,2022,7,21,20,5,1
541,2022-07-21 21:00:00,1354.0,104.0,24.994999,2,1.0,2022,7,21,21,5,1
542,2022-07-21 22:00:00,2524.0,116.0,27.82,17,1.0,2022,7,21,22,5,1
543,2022-07-21 23:00:00,629.0,63.0,17.55,1,2.0,2022,7,21,23,5,2
544,2022-07-22 01:00:00,2989.0,100.0,36.36,5,1.0,2022,7,22,1,6,1
545,2022-07-22 09:00:00,2079.0,67.0,35.059998,10,1.0,2022,7,22,9,6,1
546,2022-07-22 10:00:00,692.0,75.0,15.35,5,2.0,2022,7,22,10,6,2
547,2022-07-22 10:00:00,994.0,61.0,25.18,4,2.0,2022,7,22,10,6,2
548,2022-07-22 10:00:00,1722.0,109.0,25.12,3,2.0,2022,7,22,10,6,2
549,2022-07-22 10:00:00,598.0,93.0,10.71,10,3.0,2022,7,22,10,6,3
550,2022-07-22 11:00:00,698.0,64.0,18.22,1,3.0,2022,7,22,11,6,3
551,2022-07-22 11:00:00,1069.0,92.0,18.67,9,2.0,2022,7,22,11,6,2
552,2022-07-22 11:00:00,361.0,84.0,8.49,5,3.0,2022,7,22,11,6,3
553,2022-07-22 12:00:00,561.0,87.0,10.7,2,3.0,2022,7,22,12,6,3
554,2022-07-22 12:00:00,501.0,67.0,12.42,9,2.0,2022,7,22,12,6,2
555,2022-07-22 14:00:00,357.0,100.0,9.57,9,3.0,2022,7,22,14,6,3
556,2022-07-22 14:00:00,839.0,66.0,19.94,1,2.0,2022,7,22,14,6,2
557,2022-07-22 14:00:00,1065.0,118.0,18.01,1,2.0,2022,7,22,14,6,2
558,2022-07-22 15:00:00,1127.0,79.0,32.1,2,1.0,2022,7,22,15,6,1
559,2022-07-22 15:00:00,540.0,69.0,15.8,9,3.0,2022,7,22,15,6,3
560,2022-07-22 15:00:00,721.0,82.0,18.74,10,2.0,2022,7,22,15,6,2
561,2022-07-22 15:00:00,783.0,68.0,21.69,2,2.0,2022,7,22,15,6,2
562,2022-07-22 17:00:00,1419.0,85.0,23.8,9,2.0,2022,7,22,17,6,2
563,2022-07-22 17:00:00,1462.0,66.0,28.29,1,1.0,2022,7,22,17,6,1
564,2022-07-22 20:00:00,1887.0,79.0,28.685,14,1.0,2022,7,22,20,6,1
565,2022-07-22 20:00:00,1261.0,70.0,20.19,4,2.0,2022,7,22,20,6,2
566,2022-07-22 20:00:00,553.0,60.0,12.75,5,3.0,2022,7,22,20,6,3
567,2022-07-22 20:00:00,887.0,86.0,19.775,4,2.0,2022,7,22,20,6,2
568,2022-07-22 21:00:00,887.0,83.0,20.13,7,2.0,2022,7,22,21,6,2
569,2022-07-22 22:00:00,3492.0,135.0,34.95,15,1.0,2022,7,22,22,6,1
570,2022-07-23 05:00:00,2756.0,110.0,27.54,1,1.0,2022,7,23,5,7,1
571,2022-07-23 05:00:00,1109.0,67.0,25.65,4,2.0,2022,7,23,5,7,2
572,2022-07-23 06:00:00,1625.0,88.0,25.7,7,2.0,2022,7,23,6,7,2
573,2022-07-23 06:00:00,1322.0,85.0,25.79,3,1.0,2022,7,23,6,7,1
574,2022-07-23 06:00:00,1699.0,112.0,24.279999,10,2.0,2022,7,23,6,7,2
575,2022-07-23 08:00:00,2030.0,89.0,26.7,7,1.0,2022,7,23,8,7,1
576,2022-07-23 09:00:00,228.0,113.0,6.36,1,4.0,2022,7,23,9,7,4
577,2022-07-23 11:00:00,835.0,92.0,13.51,2,2.0,2022,7,23,11,7,2
578,2022-07-23 12:00:00,1650.0,75.0,29.27,12,1.0,2022,7,23,12,7,1
579,2022-07-23 12:00:00,2309.0,143.0,22.970001,4,2.0,2022,7,23,12,7,2
580,2022-07-23 12:00:00,2012.0,74.5,29.71,12,1.0,2022,7,23,12,7,1
581,2022-07-23 12:00:00,418.0,77.0,11.08,9,3.0,2022,7,23,12,7,3
582,2022-07-23 13:00:00,380.0,78.0,8.61,17,3.0,2022,7,23,13,7,3
583,2022-07-23 13:00:00,2191.0,89.0,28.310001,4,1.0,2022,7,23,13,7,1
584,2022-07-23 13:00:00,887.0,78.0,20.88,3,2.0,2022,7,23,13,7,2
585,2022-07-23 13:00:00,1005.0,98.0,17.84,13,3.0,2022,7,23,13,7,3
586,2022-07-23 15:00:00,658.0,73.0,16.515,10,2.0,2022,7,23,15,7,2
587,2022-07-23 15:00:00,1887.0,76.0,29.03,2,1.0,2022,7,23,15,7,1
588,2022-07-23 16:00:00,282.0,94.0,8.39,5,3.0,2022,7,23,16,7,3
589,2022-07-23 16:00:00,418.0,73.0,11.41,8,3.0,2022,7,23,16,7,3
590,2022-07-23 17:00:00,1698.0,74.5,28.545,14,1.0,2022,7,23,17,7,1
591,2022-07-23 17:00:00,561.0,94.0,10.23,11,3.0,2022,7,23,17,7,3
592,2022-07-23 18:00:00,1489.0,78.5,25.29,8,1.0,2022,7,23,18,7,1
593,2022-07-23 19:00:00,1785.0,106.5,23.425,6,2.0,2022,7,23,19,7,2
594,2022-07-23 19:00:00,719.0,82.5,15.315001,8,3.0,2022,7,23,19,7,3
595,2022-07-23 19:00:00,316.0,104.5,7.95,10,3.0,2022,7,23,19,7,3
596,2022-07-23 19:00:00,1489.0,76.0,25.75,3,1.0,2022,7,23,19,7,1
597,2022-07-23 20:00:00,466.0,63.0,12.94,5,2.0,2022,7,23,20,7,2
598,2022-07-23 20:00:00,2094.0,76.0,31.44,3,1.0,2022,7,23,20,7,1
599,2022-07-23 20:00:00,624.0,79.0,14.31,11,2.0,2022,7,23,20,7,2
600,2022-07-23 20:00:00,835.0,107.0,12.65,1,3.0,2022,7,23,20,7,3
601,2022-07-23 21:00:00,466.0,61.0,13.16,6,2.0,2022,7,23,21,7,2
602,2022-07-23 22:00:00,1045.0,69.5,20.189999,4,1.0,2022,7,23,22,7,1
603,2022-07-23 22:00:00,2041.0,119.0,22.56,11,2.0,2022,7,23,22,7,2
604,2022-07-24 01:00:00,2283.0,67.0,32.48,5,1.0,2022,7,24,1,1,1
605,2022-07-24 01:00:00,2799.0,97.5,35.505,10,1.0,2022,7,24,1,1,1
606,2022-07-24 13:00:00,806.0,108.0,17.42,11,2.0,2022,7,24,13,1,2
607,2022-07-24 13:00:00,806.0,112.5,17.0,6,3.0,2022,7,24,13,1,3
608,2022-07-24 13:00:00,576.0,64.5,14.925,10,3.0,2022,7,24,13,1,3
609,2022-07-24 13:00:00,314.0,431.0,2.48,5,4.0,2022,7,24,13,1,4
610,2022-07-24 13:00:00,150.0,244.0,2.09,1,4.0,2022,7,24,13,1,4
611,2022-07-24 15:00:00,298.0,135.0,7.49,1,4.0,2022,7,24,15,1,4
612,2022-07-24 15:00:00,1535.0,75.5,27.845001,6,1.0,2022,7,24,15,1,1
613,2022-07-24 16:00:00,2201.0,74.0,28.79,15,1.0,2022,7,24,16,1,1
614,2022-07-24 17:00:00,446.0,83.0,12.005,6,3.0,2022,7,24,17,1,3
615,2022-07-24 18:00:00,446.0,81.0,12.17,2,3.0,2022,7,24,18,1,3
616,2022-07-24 18:00:00,2017.5,75.0,29.01,2,1.0,2022,7,24,18,1,1
617,2022-07-24 19:00:00,2989.0,90.0,37.45,9,1.0,2022,7,24,19,1,1
618,2022-07-24 19:00:00,1154.0,87.5,22.035,10,2.0,2022,7,24,19,1,2
619,2022-07-25 07:00:00,1932.0,87.5,32.765,8,1.0,2022,7,25,7,2,1
620,2022-07-25 13:00:00,1322.0,70.0,28.89,11,1.0,2022,7,25,13,2,1
621,2022-07-25 13:00:00,840.0,94.0,18.97,9,2.0,2022,7,25,13,2,2
622,2022-07-25 13:00:00,2030.0,90.0,26.67,13,1.0,2022,7,25,13,2,1
623,2022-07-25 13:00:00,1535.0,92.0,25.76,9,2.0,2022,7,25,13,2,2
624,2022-07-25 13:00:00,561.0,63.0,12.23,1,3.0,2022,7,25,13,2,3
625,2022-07-25 14:00:00,2007.0,72.0,29.25,7,1.0,2022,7,25,14,2,1
626,2022-07-25 15:00:00,838.0,349.0,7.86,9,4.0,2022,7,25,15,2,4
627,2022-07-25 16:00:00,455.0,335.0,4.37,2,4.0,2022,7,25,16,2,4
628,2022-07-25 17:00:00,2308.0,116.0,27.875,4,1.0,2022,7,25,17,2,1
629,2022-07-25 17:00:00,2299.0,163.5,20.485,12,2.0,2022,7,25,17,2,2
630,2022-07-25 17:00:00,561.0,88.0,10.62,2,3.0,2022,7,25,17,2,3
631,2022-07-25 19:00:00,1831.0,65.0,31.875,10,1.0,2022,7,25,19,2,1
632,2022-07-25 19:00:00,461.0,86.0,13.71,3,3.0,2022,7,25,19,2,3
633,2022-07-25 19:00:00,1148.0,63.0,25.9,9,1.0,2022,7,25,19,2,1
634,2022-07-25 20:00:00,1080.0,60.0,25.42,2,2.0,2022,7,25,20,2,2
635,2022-07-25 21:00:00,972.0,60.0,19.645,4,2.0,2022,7,25,21,2,2
636,2022-07-25 21:00:00,2291.0,86.0,28.18,9,1.0,2022,7,25,21,2,1
637,2022-07-25 21:00:00,3082.5,204.0,25.25,6,2.0,2022,7,25,21,2,2
638,2022-07-25 21:00:00,1932.0,65.5,36.614998,8,1.0,2022,7,25,21,2,1
639,2022-07-26 04:00:00,1368.0,106.5,24.64,12,2.0,2022,7,26,4,3,2
640,2022-07-26 05:00:00,958.0,107.0,17.08,1,3.0,2022,7,26,5,3,3
641,2022-07-26 06:00:00,958.0,105.0,17.21,9,3.0,2022,7,26,6,3,3
642,2022-07-26 11:00:00,561.0,98.0,10.08,2,3.0,2022,7,26,11,3,3
643,2022-07-26 16:00:00,1092.0,65.5,23.96,10,1.0,2022,7,26,16,3,1
644,2022-07-26 16:00:00,1288.0,135.0,20.4,16,2.0,2022,7,26,16,3,2
645,2022-07-26 16:00:00,478.0,100.0,12.86,3,3.0,2022,7,26,16,3,3
646,2022-07-26 17:00:00,1635.0,98.5,21.175,10,2.0,2022,7,26,17,3,2
647,2022-07-26 18:00:00,361.0,60.0,10.12,2,3.0,2022,7,26,18,3,3
648,2022-07-26 19:00:00,2201.0,73.0,31.12,6,1.0,2022,7,26,19,3,1
649,2022-07-26 21:00:00,712.0,73.0,17.09,3,3.0,2022,7,26,21,3,3
650,2022-07-27 08:00:00,902.0,109.0,25.725,2,1.0,2022,7,27,8,4,1
651,2022-07-27 08:00:00,1227.0,62.0,34.49,3,1.0,2022,7,27,8,4,1
652,2022-07-27 10:00:00,1261.0,62.0,12.559999,4,3.0,2022,7,27,10,4,3
653,2022-07-27 12:00:00,1556.0,96.5,24.77,10,2.0,2022,7,27,12,4,2
654,2022-07-27 12:00:00,1095.0,67.0,25.73,3,1.0,2022,7,27,12,4,1
655,2022-07-27 12:00:00,1535.0,111.0,23.42,9,2.0,2022,7,27,12,4,2
656,2022-07-27 15:00:00,1476.0,150.0,21.83,1,1.0,2022,7,27,15,4,1
657,2022-07-27 15:00:00,660.0,79.0,17.65,3,2.0,2022,7,27,15,4,2
658,2022-07-27 15:00:00,796.0,170.0,11.535,10,3.0,2022,7,27,15,4,3
659,2022-07-27 15:00:00,1167.0,88.0,20.48,9,1.0,2022,7,27,15,4,1
660,2022-07-27 15:00:00,912.0,95.0,19.135,2,2.0,2022,7,27,15,4,2
661,2022-07-27 16:00:00,692.0,73.0,15.190001,2,2.0,2022,7,27,16,4,2
662,2022-07-27 16:00:00,839.0,81.0,18.55,9,2.0,2022,7,27,16,4,2
663,2022-07-27 16:00:00,478.0,102.0,13.02,1,3.0,2022,7,27,16,4,3
664,2022-07-27 16:00:00,2030.0,105.0,25.18,13,1.0,2022,7,27,16,4,1
665,2022-07-27 17:00:00,692.0,71.0,15.33,7,2.0,2022,7,27,17,4,2
666,2022-07-27 18:00:00,1634.0,95.5,29.08,4,1.0,2022,7,27,18,4,1
667,2022-07-27 18:00:00,1340.0,73.0,30.23,5,1.0,2022,7,27,18,4,1
668,2022-07-27 18:00:00,3465.0,208.0,29.1,11,2.0,2022,7,27,18,4,2
669,2022-07-27 19:00:00,1823.0,80.5,29.095,6,1.0,2022,7,27,19,4,1
670,2022-07-27 19:00:00,1322.0,71.0,27.87,9,1.0,2022,7,27,19,4,1
671,2022-07-27 19:00:00,1865.0,113.5,28.099998,2,2.0,2022,7,27,19,4,2
672,2022-07-27 20:00:00,380.0,125.0,6.62,11,3.0,2022,7,27,20,4,3
673,2022-07-28 02:00:00,783.0,60.0,22.970001,4,2.0,2022,7,28,2,5,2
674,2022-07-28 03:00:00,561.0,65.5,12.065001,2,3.0,2022,7,28,3,5,3
675,2022-07-28 06:00:00,1100.0,102.0,25.93,3,1.0,2022,7,28,6,5,1
676,2022-07-28 08:00:00,1169.0,86.0,28.63,3,1.0,2022,7,28,8,5,1
677,2022-07-28 09:00:00,1509.0,74.0,27.27,5,1.0,2022,7,28,9,5,1
678,2022-07-28 13:00:00,880.0,99.0,19.48,11,2.0,2022,7,28,13,5,2
679,2022-07-28 13:00:00,1069.0,79.5,19.835,8,2.0,2022,7,28,13,5,2
680,2022-07-28 14:00:00,1196.0,61.0,27.775,8,1.0,2022,7,28,14,5,1
681,2022-07-28 16:00:00,1322.0,87.0,28.98,3,1.0,2022,7,28,16,5,1
682,2022-07-28 16:00:00,909.0,67.5,24.615,10,2.0,2022,7,28,16,5,2
683,2022-07-28 17:00:00,1522.0,76.5,25.61,10,1.0,2022,7,28,17,5,1
684,2022-07-28 17:00:00,974.0,72.0,23.97,9,2.0,2022,7,28,17,5,2
685,2022-07-28 17:00:00,556.0,84.0,14.19,8,3.0,2022,7,28,17,5,3
686,2022-07-28 18:00:00,1650.0,62.5,31.245,10,1.0,2022,7,28,18,5,1
687,2022-07-28 18:00:00,658.0,88.0,16.24,2,2.0,2022,7,28,18,5,2
688,2022-07-28 19:00:00,1065.0,69.0,23.52,9,2.0,2022,7,28,19,5,2
689,2022-07-28 19:00:00,418.0,63.0,12.33,9,3.0,2022,7,28,19,5,3
690,2022-07-28 20:00:00,1065.0,66.0,23.88,1,2.0,2022,7,28,20,5,2
691,2022-07-29 01:00:00,1509.0,104.5,23.035,12,1.0,2022,7,29,1,6,1
692,2022-07-29 10:00:00,629.0,67.0,17.0,2,2.0,2022,7,29,10,6,2
693,2022-07-29 13:00:00,1080.0,60.0,25.38,1,2.0,2022,7,29,13,6,2
694,2022-07-29 13:00:00,1634.0,64.5,29.125,6,1.0,2022,7,29,13,6,1
695,2022-07-29 15:00:00,1095.0,60.0,29.065,2,2.0,2022,7,29,15,6,2
696,2022-07-29 17:00:00,272.0,132.0,6.17,4,3.0,2022,7,29,17,6,3
697,2022-07-29 17:00:00,226.0,145.0,4.03,10,3.0,2022,7,29,17,6,3
698,2022-07-29 17:00:00,272.0,138.5,5.875,8,4.0,2022,7,29,17,6,4
699,2022-07-29 18:00:00,2780.0,141.0,28.13,8,1.0,2022,7,29,18,6,1
700,2022-07-29 18:00:00,1313.0,236.0,21.87,3,2.0,2022,7,29,18,6,2
701,2022-07-29 18:00:00,2201.0,117.0,24.1,11,1.0,2022,7,29,18,6,1
702,2022-07-29 18:00:00,1271.0,105.0,19.81,1,2.0,2022,7,29,18,6,2
703,2022-07-29 19:00:00,767.0,83.5,18.78,8,2.0,2022,7,29,19,6,2
704,2022-07-29 19:00:00,1921.5,111.0,25.885,2,1.0,2022,7,29,19,6,1
705,2022-07-29 19:00:00,2780.0,136.0,28.55,2,1.0,2022,7,29,19,6,1
706,2022-07-29 20:00:00,226.0,1201.0,0.66,5,4.0,2022,7,29,20,6,4
707,2022-07-29 20:00:00,2923.0,135.0,28.330002,10,1.0,2022,7,29,20,6,1
708,2022-07-29 21:00:00,918.0,120.5,20.775,2,1.0,2022,7,29,21,6,1
709,2022-07-29 21:00:00,2433.0,90.0,32.04,11,1.0,2022,7,29,21,6,1
710,2022-07-29 21:00:00,634.0,110.0,15.0,14,3.0,2022,7,29,21,6,3
711,2022-07-29 22:00:00,2176.0,70.0,32.55,3,1.0,2022,7,29,22,6,1
712,2022-07-30 01:00:00,1509.0,60.0,28.915,6,1.0,2022,7,30,1,7,1
713,2022-07-30 02:00:00,1509.0,60.0,28.97,1,1.0,2022,7,30,2,7,1
714,2022-07-30 03:00:00,1086.0,104.0,18.52,2,2.0,2022,7,30,3,7,2
715,2022-07-30 03:00:00,2756.0,105.0,26.69,5,1.0,2022,7,30,3,7,1
716,2022-07-30 04:00:00,316.0,129.0,6.76,5,3.0,2022,7,30,4,7,3
717,2022-07-30 06:00:00,446.0,229.0,5.75,1,4.0,2022,7,30,6,7,4
718,2022-07-30 06:00:00,402.0,163.5,7.135,2,3.0,2022,7,30,6,7,3
719,2022-07-30 06:00:00,302.0,100.0,7.6,11,4.0,2022,7,30,6,7,4
720,2022-07-30 07:00:00,1747.0,209.0,19.51,8,2.0,2022,7,30,7,7,2
721,2022-07-30 07:00:00,380.0,257.0,4.035,6,4.0,2022,7,30,7,7,4
722,2022-07-30 07:00:00,446.0,225.0,5.75,9,4.0,2022,7,30,7,7,4
723,2022-07-30 07:00:00,2253.0,123.0,26.01,9,1.0,2022,7,30,7,7,1
724,2022-07-30 07:00:00,2845.0,265.0,19.349998,6,3.0,2022,7,30,7,7,3
725,2022-07-30 08:00:00,2309.0,179.5,21.21,14,2.0,2022,7,30,8,7,2
726,2022-07-30 08:00:00,1132.0,308.0,14.57,5,3.0,2022,7,30,8,7,3
727,2022-07-30 08:00:00,1823.0,250.5,20.855,18,2.0,2022,7,30,8,7,2
728,2022-07-30 08:00:00,2201.0,121.0,26.14,1,1.0,2022,7,30,8,7,1
729,2022-07-30 08:00:00,583.0,82.0,15.05,11,2.0,2022,7,30,8,7,2
730,2022-07-30 08:00:00,1115.0,200.0,12.06,9,3.0,2022,7,30,8,7,3
731,2022-07-30 08:00:00,310.0,135.0,6.13,14,4.0,2022,7,30,8,7,4
732,2022-07-30 08:00:00,316.0,82.0,9.415,6,3.0,2022,7,30,8,7,3
733,2022-07-30 08:00:00,2169.0,78.0,31.43,1,1.0,2022,7,30,8,7,1
734,2022-07-30 08:00:00,958.0,99.0,17.73,1,3.0,2022,7,30,8,7,3
735,2022-07-30 09:00:00,2169.0,78.0,31.43,2,1.0,2022,7,30,9,7,1
736,2022-07-30 10:00:00,682.0,60.0,14.0,1,2.0,2022,7,30,10,7,2
737,2022-07-30 10:00:00,768.0,91.0,12.79,1,3.0,2022,7,30,10,7,3
738,2022-07-30 10:00:00,2253.0,72.0,31.41,12,1.0,2022,7,30,10,7,1
739,2022-07-30 11:00:00,694.0,82.5,16.759998,10,2.0,2022,7,30,11,7,2
740,2022-07-30 11:00:00,941.0,62.0,27.19,2,1.0,2022,7,30,11,7,1
741,2022-07-30 11:00:00,698.0,80.0,16.345001,8,3.0,2022,7,30,11,7,3
742,2022-07-30 11:00:00,907.0,140.0,15.24,3,3.0,2022,7,30,11,7,3
743,2022-07-30 11:00:00,768.0,91.0,12.79,2,3.0,2022,7,30,11,7,3
744,2022-07-30 12:00:00,585.0,71.0,16.7,2,2.0,2022,7,30,12,7,2
745,2022-07-30 12:00:00,629.0,142.0,10.86,2,3.0,2022,7,30,12,7,3
746,2022-07-30 13:00:00,576.0,185.0,8.09,7,3.0,2022,7,30,13,7,3
747,2022-07-30 13:00:00,540.0,93.0,13.805,2,2.0,2022,7,30,13,7,2
748,2022-07-30 13:00:00,629.0,138.0,10.934999,10,3.0,2022,7,30,13,7,3
749,2022-07-30 13:00:00,540.0,140.5,10.33,12,3.0,2022,7,30,13,7,3
750,2022-07-30 13:00:00,1509.0,83.0,25.654999,6,1.0,2022,7,30,13,7,1
751,2022-07-30 14:00:00,1887.0,77.0,28.86,17,1.0,2022,7,30,14,7,1
752,2022-07-30 15:00:00,1291.0,117.0,24.19,3,1.0,2022,7,30,15,7,1
753,2022-07-30 16:00:00,878.0,81.0,19.73,7,2.0,2022,7,30,16,7,2
754,2022-07-30 17:00:00,779.0,65.0,18.9,3,3.0,2022,7,30,17,7,3
755,2022-07-30 19:00:00,181.0,80.0,5.18,9,2.0,2022,7,30,19,7,2
756,2022-07-30 19:00:00,719.0,99.0,13.99,2,3.0,2022,7,30,19,7,3
757,2022-07-30 19:00:00,253.0,102.0,7.41,3,4.0,2022,7,30,19,7,4
758,2022-07-30 19:00:00,272.0,94.0,8.02,7,3.0,2022,7,30,19,7,3
759,2022-07-30 20:00:00,776.0,60.0,17.93,2,2.0,2022,7,30,20,7,2
760,2022-07-30 20:00:00,846.0,73.0,20.76,2,2.0,2022,7,30,20,7,2
761,2022-07-30 20:00:00,1196.0,61.0,27.88,3,1.0,2022,7,30,20,7,1
762,2022-07-30 20:00:00,1196.0,68.0,26.56,1,2.0,2022,7,30,20,7,2
763,2022-07-30 21:00:00,649.0,72.0,15.42,11,3.0,2022,7,30,21,7,3
764,2022-07-30 21:00:00,2923.0,147.0,27.415,12,1.0,2022,7,30,21,7,1
765,2022-07-31 02:00:00,696.0,165.0,10.75,9,3.0,2022,7,31,2,1,3
766,2022-07-31 09:00:00,561.0,94.0,10.28,2,3.0,2022,7,31,9,1,3
767,2022-07-31 10:00:00,554.0,163.0,9.77,5,3.0,2022,7,31,10,1,3
768,2022-07-31 11:00:00,1733.0,130.0,19.85,3,2.0,2022,7,31,11,1,2
769,2022-07-31 11:00:00,1039.0,107.0,15.75,5,3.0,2022,7,31,11,1,3
770,2022-07-31 11:00:00,1535.0,61.5,29.3,10,1.0,2022,7,31,11,1,1
771,2022-07-31 12:00:00,540.0,78.0,15.530001,2,2.0,2022,7,31,12,1,2
772,2022-07-31 12:00:00,260.0,127.0,6.19,10,4.0,2022,7,31,12,1,4
773,2022-07-31 13:00:00,553.0,67.0,12.23,8,3.0,2022,7,31,13,1,3
774,2022-07-31 13:00:00,346.0,126.0,6.89,3,3.0,2022,7,31,13,1,3
775,2022-07-31 13:00:00,346.0,151.0,6.005,10,4.0,2022,7,31,13,1,4
776,2022-07-31 13:00:00,721.0,62.0,20.29,2,1.0,2022,7,31,13,1,1
777,2022-07-31 13:00:00,630.5,73.0,16.400002,22,2.0,2022,7,31,13,1,2
778,2022-07-31 13:00:00,307.0,115.0,7.67,12,3.0,2022,7,31,13,1,3
779,2022-07-31 13:00:00,1660.0,72.0,26.68,19,1.0,2022,7,31,13,1,1
780,2022-07-31 13:00:00,1462.0,93.0,25.0,15,2.0,2022,7,31,13,1,2
781,2022-07-31 14:00:00,1404.0,64.0,37.07,3,1.0,2022,7,31,14,1,1
782,2022-07-31 14:00:00,1404.0,68.0,36.0,8,2.0,2022,7,31,14,1,2
783,2022-07-31 14:00:00,346.0,117.0,7.2650003,6,3.0,2022,7,31,14,1,3
784,2022-07-31 14:00:00,346.0,143.0,6.29,12,4.0,2022,7,31,14,1,4
785,2022-07-31 14:00:00,1286.0,95.5,21.445,6,1.0,2022,7,31,14,1,1
786,2022-07-31 14:00:00,1639.0,135.5,20.845,16,2.0,2022,7,31,14,1,2
787,2022-07-31 14:00:00,1823.0,97.0,26.689999,8,1.0,2022,7,31,14,1,1
788,2022-07-31 14:00:00,353.0,142.0,7.29,13,4.0,2022,7,31,14,1,4
789,2022-07-31 14:00:00,540.0,125.0,10.46,25,3.0,2022,7,31,14,1,3
790,2022-07-31 15:00:00,657.0,70.0,15.4,13,2.0,2022,7,31,15,1,2
791,2022-07-31 15:00:00,346.0,104.5,7.81,2,3.0,2022,7,31,15,1,3
792,2022-07-31 15:00:00,346.0,135.5,6.535,8,4.0,2022,7,31,15,1,4
793,2022-07-31 15:00:00,361.0,80.0,10.6,7,3.0,2022,7,31,15,1,3
794,2022-07-31 15:00:00,598.5,121.0,10.139999,38,3.0,2022,7,31,15,1,3
795,2022-07-31 15:00:00,1504.0,686.0,6.705,42,4.0,2022,7,31,15,1,4
796,2022-07-31 15:00:00,2012.0,132.0,23.94,7,1.0,2022,7,31,15,1,1
797,2022-07-31 15:00:00,2012.0,181.0,21.12,19,2.0,2022,7,31,15,1,2
798,2022-07-31 15:00:00,2283.0,386.0,14.07,9,3.0,2022,7,31,15,1,3
799,2022-07-31 16:00:00,346.0,145.0,6.22,9,4.0,2022,7,31,16,1,4
800,2022-07-31 16:00:00,346.0,77.0,9.469999,14,3.0,2022,7,31,16,1,3
801,2022-07-31 16:00:00,361.0,79.0,10.69,2,3.0,2022,7,31,16,1,3
802,2022-07-31 16:00:00,721.0,72.5,15.84,26,2.0,2022,7,31,16,1,2
803,2022-07-31 16:00:00,958.0,151.5,13.035,38,3.0,2022,7,31,16,1,3
804,2022-07-31 16:00:00,1870.0,652.5,8.135,16,4.0,2022,7,31,16,1,4
805,2022-07-31 17:00:00,346.0,96.0,8.255,18,3.0,2022,7,31,17,1,3
806,2022-07-31 17:00:00,346.0,131.0,6.71,1,4.0,2022,7,31,17,1,4
807,2022-07-31 17:00:00,1045.0,96.0,17.61,4,1.0,2022,7,31,17,1,1
808,2022-07-31 17:00:00,887.0,75.0,21.26,17,2.0,2022,7,31,17,1,2
809,2022-07-31 17:00:00,1075.0,105.0,17.29,17,3.0,2022,7,31,17,1,3
810,2022-07-31 18:00:00,408.0,74.0,11.84,9,2.0,2022,7,31,18,1,2
811,2022-07-31 18:00:00,316.0,81.0,9.46,1,3.0,2022,7,31,18,1,3
812,2022-07-31 18:00:00,2751.0,149.0,26.33,9,1.0,2022,7,31,18,1,1
813,2022-07-31 19:00:00,752.0,60.0,18.78,5,2.0,2022,7,31,19,1,2
814,2022-07-31 19:00:00,2122.0,137.0,21.71,6,1.0,2022,7,31,19,1,1
815,2022-07-31 19:00:00,3027.0,261.0,19.08,1,2.0,2022,7,31,19,1,2
816,2022-07-31 19:00:00,1535.0,66.0,29.32,1,1.0,2022,7,31,19,1,1
817,2022-07-31 20:00:00,2191.0,206.0,18.81,11,2.0,2022,7,31,20,1,2
818,2022-07-31 20:00:00,1291.0,73.0,23.645,18,1.0,2022,7,31,20,1,1
819,2022-07-31 21:00:00,2204.0,79.0,31.54,3,1.0,2022,7,31,21,1,1
820,2022-08-01 13:00:00,1095.0,71.0,25.119999,10,1.0,2022,8,1,13,2,1
821,2022-08-01 15:00:00,506.0,312.0,5.4,9,4.0,2022,8,1,15,2,4
822,2022-08-01 15:00:00,1845.0,91.0,26.48,5,1.0,2022,8,1,15,2,1
823,2022-08-01 15:00:00,742.0,173.0,11.69,3,3.0,2022,8,1,15,2,3
824,2022-08-01 16:00:00,506.0,298.5,5.44,2,4.0,2022,8,1,16,2,4
825,2022-08-01 17:00:00,1331.0,77.0,25.35,1,1.0,2022,8,1,17,2,1
826,2022-08-01 17:00:00,922.0,99.0,25.74,1,1.0,2022,8,1,17,2,1
827,2022-08-01 18:00:00,796.0,188.0,10.42,5,3.0,2022,8,1,18,2,3
828,2022-08-01 18:00:00,1962.0,111.0,25.560001,4,1.0,2022,8,1,18,2,1
829,2022-08-01 18:00:00,2250.0,227.5,18.72,6,2.0,2022,8,1,18,2,2
830,2022-08-01 18:00:00,1167.0,61.0,26.25,7,1.0,2022,8,1,18,2,1
831,2022-08-01 18:00:00,562.0,94.0,14.69,11,3.0,2022,8,1,18,2,3
832,2022-08-01 19:00:00,771.0,71.0,16.42,9,2.0,2022,8,1,19,2,2
833,2022-08-01 20:00:00,1271.0,80.0,28.55,3,1.0,2022,8,1,20,2,1
834,2022-08-02 09:00:00,1350.0,109.0,23.34,11,2.0,2022,8,2,9,3,2
835,2022-08-02 09:00:00,1107.0,91.0,26.49,3,1.0,2022,8,2,9,3,1
836,2022-08-02 11:00:00,1535.0,68.5,28.509998,8,1.0,2022,8,2,11,3,1
837,2022-08-02 15:00:00,836.0,60.0,19.54,4,1.0,2022,8,2,15,3,1
838,2022-08-02 15:00:00,1271.0,113.5,25.55,6,1.0,2022,8,2,15,3,1
839,2022-08-02 20:00:00,1364.0,76.0,33.2,1,1.0,2022,8,2,20,3,1
840,2022-08-02 20:00:00,1148.0,70.0,22.96,7,2.0,2022,8,2,20,3,2
841,2022-08-02 23:00:00,2462.5,105.0,29.779999,2,1.0,2022,8,2,23,3,1
842,2022-08-03 00:00:00,2716.0,121.0,29.17,2,1.0,2022,8,3,0,4,1
843,2022-08-03 00:00:00,2988.0,201.5,27.34,20,2.0,2022,8,3,0,4,2
844,2022-08-03 13:00:00,3187.0,214.0,27.23,9,1.0,2022,8,3,13,4,1
845,2022-08-03 17:00:00,2751.0,113.0,29.06,15,1.0,2022,8,3,17,4,1
846,2022-08-03 20:00:00,2317.0,100.5,31.42,12,1.0,2022,8,3,20,4,1
847,2022-08-03 21:00:00,1594.0,75.0,31.45,11,1.0,2022,8,3,21,4,1
848,2022-08-03 22:00:00,2201.0,73.0,31.04,11,1.0,2022,8,3,22,4,1
849,2022-08-04 10:00:00,181.0,132.0,3.665,8,3.0,2022,8,4,10,5,3
850,2022-08-04 14:00:00,943.0,67.0,21.62,2,1.0,2022,8,4,14,5,1
851,2022-08-04 14:00:00,1271.0,211.5,19.34,4,2.0,2022,8,4,14,5,2
852,2022-08-04 14:00:00,2354.5,132.5,26.135,10,2.0,2022,8,4,14,5,2
853,2022-08-04 15:00:00,1271.0,211.0,19.37,1,2.0,2022,8,4,15,5,2
854,2022-08-04 15:00:00,316.0,114.5,7.425,10,3.0,2022,8,4,15,5,3
855,2022-08-04 15:00:00,3927.0,124.0,33.44,1,1.0,2022,8,4,15,5,1
856,2022-08-04 15:00:00,1754.0,268.0,14.16,14,2.0,2022,8,4,15,5,2
857,2022-08-04 15:00:00,918.0,188.0,11.94,3,3.0,2022,8,4,15,5,3
858,2022-08-04 15:00:00,2030.0,137.0,22.71,11,1.0,2022,8,4,15,5,1
859,2022-08-04 16:00:00,840.0,107.0,17.11,2,2.0,2022,8,4,16,5,2
860,2022-08-04 16:00:00,1462.0,76.0,27.029999,8,1.0,2022,8,4,16,5,1
861,2022-08-04 16:00:00,260.0,98.0,7.77,3,3.0,2022,8,4,16,5,3
862,2022-08-04 16:00:00,446.0,99.5,10.86,10,3.0,2022,8,4,16,5,3
863,2022-08-04 16:00:00,2204.0,91.5,32.125,16,1.0,2022,8,4,16,5,1
864,2022-08-04 17:00:00,360.0,165.0,6.5,2,4.0,2022,8,4,17,5,4
865,2022-08-04 18:00:00,2229.5,99.0,27.900002,4,2.0,2022,8,4,18,5,2
866,2022-08-04 19:00:00,2664.0,111.0,28.04,8,2.0,2022,8,4,19,5,2
867,2022-08-04 19:00:00,3977.0,124.5,36.684998,14,1.0,2022,8,4,19,5,1
868,2022-08-04 22:00:00,1568.0,76.0,25.655,4,1.0,2022,8,4,22,5,1
869,2022-08-05 08:00:00,2201.0,80.5,30.18,6,1.0,2022,8,5,8,6,1
870,2022-08-05 09:00:00,2201.0,78.0,30.43,6,1.0,2022,8,5,9,6,1
871,2022-08-05 13:00:00,1127.0,269.0,26.07,4,2.0,2022,8,5,13,6,2
872,2022-08-05 14:00:00,316.0,89.0,8.97,12,3.0,2022,8,5,14,6,3
873,2022-08-05 17:00:00,446.0,86.0,11.96,8,3.0,2022,8,5,17,6,3
874,2022-08-05 18:00:00,3517.0,98.0,38.25,3,1.0,2022,8,5,18,6,1
875,2022-08-05 19:00:00,478.0,88.0,12.6,1,3.0,2022,8,5,19,6,3
876,2022-08-05 20:00:00,3122.0,82.0,38.12,3,1.0,2022,8,5,20,6,1
877,2022-08-05 22:00:00,1845.0,83.5,26.665,8,1.0,2022,8,5,22,6,1
878,2022-08-05 23:00:00,2201.0,84.0,29.79,9,1.0,2022,8,5,23,6,1
879,2022-08-06 03:00:00,901.5,258.0,9.549999,2,3.0,2022,8,6,3,7,3
880,2022-08-06 03:00:00,1008.0,284.0,9.59,9,4.0,2022,8,6,3,7,4
881,2022-08-06 05:00:00,605.0,98.0,13.17,7,3.0,2022,8,6,5,7,3
882,2022-08-06 06:00:00,418.0,61.0,12.17,4,3.0,2022,8,6,6,7,3
883,2022-08-06 06:00:00,576.0,68.0,14.450001,2,3.0,2022,8,6,6,7,3
884,2022-08-06 07:00:00,712.0,74.0,16.96,5,3.0,2022,8,6,7,7,3
885,2022-08-06 07:00:00,576.0,65.0,14.81,3,2.0,2022,8,6,7,7,2
886,2022-08-06 07:00:00,576.0,67.0,14.52,5,3.0,2022,8,6,7,7,3
887,2022-08-06 07:00:00,418.0,60.0,12.29,3,3.0,2022,8,6,7,7,3
888,2022-08-06 07:00:00,2073.0,85.0,32.620003,10,1.0,2022,8,6,7,7,1
889,2022-08-06 07:00:00,712.0,72.0,17.27,4,2.0,2022,8,6,7,7,2
890,2022-08-06 08:00:00,1887.0,102.0,26.16,3,1.0,2022,8,6,8,7,1
891,2022-08-06 09:00:00,722.0,61.0,21.62,1,2.0,2022,8,6,9,7,2
892,2022-08-06 09:00:00,446.0,73.0,13.18,8,3.0,2022,8,6,9,7,3
893,2022-08-06 09:00:00,921.0,61.5,23.3,4,1.0,2022,8,6,9,7,1
894,2022-08-06 10:00:00,300.0,118.0,6.92,9,3.0,2022,8,6,10,7,3
895,2022-08-06 10:00:00,540.0,72.5,16.165,2,2.0,2022,8,6,10,7,2
896,2022-08-06 10:00:00,714.0,99.0,17.06,2,3.0,2022,8,6,10,7,3
897,2022-08-06 10:00:00,541.0,75.0,12.49,2,3.0,2022,8,6,10,7,3
898,2022-08-06 12:00:00,316.0,98.0,8.309999,16,3.0,2022,8,6,12,7,3
899,2022-08-06 13:00:00,2209.0,105.0,28.73,9,1.0,2022,8,6,13,7,1
900,2022-08-06 14:00:00,446.0,73.0,13.14,2,3.0,2022,8,6,14,7,3
901,2022-08-06 14:00:00,181.0,78.0,5.28,11,2.0,2022,8,6,14,7,2
902,2022-08-06 14:00:00,811.0,91.0,17.4,9,2.0,2022,8,6,14,7,2
903,2022-08-06 14:00:00,1422.0,73.0,25.73,11,1.0,2022,8,6,14,7,1
904,2022-08-06 15:00:00,540.0,112.0,12.145,10,3.0,2022,8,6,15,7,3
905,2022-08-06 17:00:00,798.0,62.0,14.12,6,3.0,2022,8,6,17,7,3
906,2022-08-06 17:00:00,1095.0,213.0,14.23,5,3.0,2022,8,6,17,7,3
907,2022-08-06 17:00:00,528.0,181.5,8.73,4,4.0,2022,8,6,17,7,4
908,2022-08-06 18:00:00,1324.0,64.0,32.17,8,2.0,2022,8,6,18,7,2
909,2022-08-06 18:00:00,2669.0,101.0,30.58,13,1.0,2022,8,6,18,7,1
910,2022-08-06 18:00:00,721.0,71.0,18.9,11,2.0,2022,8,6,18,7,2
911,2022-08-06 20:00:00,1660.0,90.0,25.24,13,1.0,2022,8,6,20,7,1
912,2022-08-06 23:00:00,1963.0,112.0,21.83,10,1.0,2022,8,6,23,7,1
913,2022-08-07 02:00:00,1321.0,61.0,27.33,3,2.0,2022,8,7,2,1,2
914,2022-08-07 03:00:00,629.0,74.5,16.265,8,2.0,2022,8,7,3,1,2
915,2022-08-07 09:00:00,772.0,62.0,20.11,9,2.0,2022,8,7,9,1,2
916,2022-08-07 12:00:00,956.0,95.0,21.9,10,2.0,2022,8,7,12,1,2
917,2022-08-07 12:00:00,360.0,113.0,8.64,11,3.0,2022,8,7,12,1,3
918,2022-08-07 12:00:00,180.0,93.0,5.1,2,4.0,2022,8,7,12,1,4
919,2022-08-07 13:00:00,346.0,84.0,8.905001,4,3.0,2022,8,7,13,1,3
920,2022-08-07 13:00:00,1125.0,163.5,14.275,10,3.0,2022,8,7,13,1,3
921,2022-08-07 14:00:00,346.0,122.0,7.01,41,3.0,2022,8,7,14,1,3
922,2022-08-07 14:00:00,346.0,130.0,6.7,1,4.0,2022,8,7,14,1,4
923,2022-08-07 14:00:00,721.0,60.0,20.64,5,1.0,2022,8,7,14,1,1
924,2022-08-07 14:00:00,721.0,95.5,16.05,10,2.0,2022,8,7,14,1,2
925,2022-08-07 15:00:00,346.0,65.0,10.31,5,3.0,2022,8,7,15,1,3
926,2022-08-07 15:00:00,721.0,91.0,16.535,6,2.0,2022,8,7,15,1,2
927,2022-08-07 16:00:00,2191.0,93.0,28.27,1,1.0,2022,8,7,16,1,1
928,2022-08-07 16:00:00,1574.0,116.5,21.08,12,2.0,2022,8,7,16,1,2
929,2022-08-07 17:00:00,2030.0,93.0,26.25,3,1.0,2022,8,7,17,1,1
930,2022-08-07 18:00:00,839.0,68.0,20.26,8,2.0,2022,8,7,18,1,2
931,2022-08-07 19:00:00,1153.0,100.0,21.67,2,2.0,2022,8,7,19,1,2
932,2022-08-07 19:00:00,627.0,96.0,13.21,9,2.0,2022,8,7,19,1,2
933,2022-08-07 19:00:00,1367.0,72.0,26.849998,6,1.0,2022,8,7,19,1,1
934,2022-08-07 20:00:00,3098.0,217.0,21.86,25,2.0,2022,8,7,20,1,2
935,2022-08-08 09:00:00,486.0,62.0,14.52,4,3.0,2022,8,8,9,2,3
936,2022-08-08 09:00:00,1005.0,90.0,18.47,2,2.0,2022,8,8,9,2,2
937,2022-08-08 14:00:00,1887.0,81.0,28.47,5,1.0,2022,8,8,14,2,1
938,2022-08-08 17:00:00,1790.0,85.5,27.425,2,1.0,2022,8,8,17,2,1
939,2022-08-08 17:00:00,1941.0,90.0,25.62,3,2.0,2022,8,8,17,2,2
940,2022-08-08 18:00:00,1887.0,84.0,28.04,5,1.0,2022,8,8,18,2,1
941,2022-08-08 19:00:00,1943.0,77.0,32.32,11,1.0,2022,8,8,19,2,1
942,2022-08-08 20:00:00,380.0,68.0,9.19,9,3.0,2022,8,8,20,2,3
943,2022-08-09 08:00:00,418.0,67.0,11.58,9,3.0,2022,8,9,8,3,3
944,2022-08-09 08:00:00,1148.0,83.0,21.38,7,2.0,2022,8,9,8,3,2
945,2022-08-09 09:00:00,1148.0,80.0,21.71,4,2.0,2022,8,9,9,3,2
946,2022-08-09 14:00:00,1107.0,103.0,25.37,2,1.0,2022,8,9,14,3,1
947,2022-08-09 15:00:00,1107.0,103.0,25.37,1,1.0,2022,8,9,15,3,1
948,2022-08-09 15:00:00,466.0,97.0,10.3,3,3.0,2022,8,9,15,3,3
949,2022-08-09 16:00:00,1810.5,92.5,28.49,8,1.0,2022,8,9,16,3,1
950,2022-08-09 16:00:00,1676.0,99.0,24.55,9,2.0,2022,8,9,16,3,2
951,2022-08-09 17:00:00,1905.0,87.5,27.975,2,1.0,2022,8,9,17,3,1
952,2022-08-09 19:00:00,2201.0,114.5,26.735,6,1.0,2022,8,9,19,3,1
953,2022-08-09 19:00:00,497.0,68.0,12.57,6,3.0,2022,8,9,19,3,3
954,2022-08-09 21:00:00,380.0,63.0,9.49,10,3.0,2022,8,9,21,3,3
955,2022-08-09 21:00:00,1887.0,108.5,25.485,4,1.0,2022,8,9,21,3,1
956,2022-08-09 23:00:00,964.0,106.0,19.49,5,2.0,2022,8,9,23,3,2
957,2022-08-09 23:00:00,1153.0,217.0,13.83,7,3.0,2022,8,9,23,3,3
958,2022-08-09 23:00:00,189.0,110.0,5.65,2,4.0,2022,8,9,23,3,4
959,2022-08-10 05:00:00,3385.5,192.0,28.335,12,2.0,2022,8,10,5,4,2
960,2022-08-10 05:00:00,3253.0,136.0,35.62,4,1.0,2022,8,10,5,4,1
961,2022-08-10 05:00:00,602.0,83.0,12.96,3,3.0,2022,8,10,5,4,3
962,2022-08-10 06:00:00,602.0,81.0,13.14,6,3.0,2022,8,10,6,4,3
963,2022-08-10 11:00:00,185.0,74.0,4.41,9,4.0,2022,8,10,11,4,4
964,2022-08-10 14:00:00,1898.0,80.5,31.945,10,1.0,2022,8,10,14,4,1
965,2022-08-10 15:00:00,1898.0,78.0,32.4,1,1.0,2022,8,10,15,4,1
966,2022-08-10 20:00:00,1722.0,101.0,25.58,7,1.0,2022,8,10,20,4,1
967,2022-08-11 01:00:00,2201.0,138.0,24.735,12,1.0,2022,8,11,1,5,1
968,2022-08-11 02:00:00,953.0,68.0,22.865,10,2.0,2022,8,11,2,5,2
969,2022-08-11 03:00:00,941.5,63.5,23.5,2,2.0,2022,8,11,3,5,2
970,2022-08-11 05:00:00,2201.0,92.5,29.05,4,1.0,2022,8,11,5,5,1
971,2022-08-11 06:00:00,1487.0,62.0,30.72,2,2.0,2022,8,11,6,5,2
972,2022-08-11 10:00:00,1271.0,77.0,27.25,2,1.0,2022,8,11,10,5,1
973,2022-08-11 13:00:00,298.0,103.0,7.58,3,3.0,2022,8,11,13,5,3
974,2022-08-11 13:00:00,878.0,461.0,5.755,14,4.0,2022,8,11,13,5,4
975,2022-08-11 14:00:00,2144.0,159.0,22.765,8,1.0,2022,8,11,14,5,1
976,2022-08-11 14:00:00,2318.0,238.0,18.37,5,2.0,2022,8,11,14,5,2
977,2022-08-11 14:00:00,796.0,124.0,14.14,3,3.0,2022,8,11,14,5,3
978,2022-08-11 14:00:00,371.0,181.0,6.15,5,4.0,2022,8,11,14,5,4
979,2022-08-11 15:00:00,2041.0,87.0,25.92,9,1.0,2022,8,11,15,5,1
980,2022-08-11 17:00:00,2209.0,106.0,25.64,9,1.0,2022,8,11,17,5,1
981,2022-08-11 17:00:00,1274.0,126.0,15.98,7,1.0,2022,8,11,17,5,1
982,2022-08-12 11:00:00,1535.0,63.0,29.38,1,1.0,2022,8,12,11,6,1
983,2022-08-12 11:00:00,712.0,63.5,18.27,8,2.0,2022,8,12,11,6,2
984,2022-08-12 12:00:00,422.0,95.0,10.56,2,3.0,2022,8,12,12,6,3
985,2022-08-12 13:00:00,380.0,62.5,9.53,2,3.0,2022,8,12,13,6,3
986,2022-08-12 13:00:00,226.0,105.5,5.38,8,3.0,2022,8,12,13,6,3
987,2022-08-12 14:00:00,446.0,81.0,12.35,4,3.0,2022,8,12,14,6,3
988,2022-08-12 14:00:00,380.0,67.0,9.22,9,3.0,2022,8,12,14,6,3
989,2022-08-12 14:00:00,226.0,101.0,5.55,6,3.0,2022,8,12,14,6,3
990,2022-08-12 14:00:00,757.0,85.5,20.42,12,2.0,2022,8,12,14,6,2
991,2022-08-12 16:00:00,698.0,77.5,16.55,8,2.0,2022,8,12,16,6,2
992,2022-08-12 16:00:00,486.0,70.0,13.67,2,3.0,2022,8,12,16,6,3
993,2022-08-12 20:00:00,1698.0,66.5,28.81,6,1.0,2022,8,12,20,6,1
994,2022-08-12 20:00:00,1676.0,64.5,28.765,6,1.0,2022,8,12,20,6,1
995,2022-08-12 21:00:00,1509.0,63.5,28.52,8,1.0,2022,8,12,21,6,1
996,2022-08-13 03:00:00,1167.0,67.0,23.77,10,1.0,2022,8,13,3,7,1
997,2022-08-13 09:00:00,466.0,82.0,11.33,10,3.0,2022,8,13,9,7,3
998,2022-08-13 10:00:00,1248.0,62.0,27.77,1,1.0,2022,8,13,10,7,1
999,2022-08-13 11:00:00,380.0,62.0,9.57,2,3.0,2022,8,13,11,7,3
1000,2022-08-13 12:00:00,272.0,105.0,7.39,12,3.0,2022,8,13,12,7,3
1001,2022-08-13 13:00:00,1324.0,70.0,30.93,11,2.0,2022,8,13,13,7,2
1002,2022-08-13 13:00:00,380.0,80.5,8.465,8,3.0,2022,8,13,13,7,3
1003,2022-08-13 13:00:00,1390.0,80.0,27.68,3,1.0,2022,8,13,13,7,1
1004,2022-08-13 13:00:00,1887.0,78.5,28.76,4,1.0,2022,8,13,13,7,1
1005,2022-08-13 13:00:00,370.0,114.5,9.355,18,3.0,2022,8,13,13,7,3
1006,2022-08-13 14:00:00,543.0,90.0,12.42,2,3.0,2022,8,13,14,7,3
1007,2022-08-13 15:00:00,1293.0,89.0,24.96,11,2.0,2022,8,13,15,7,2
1008,2022-08-13 15:00:00,2030.0,88.0,26.77,4,1.0,2022,8,13,15,7,1
1009,2022-08-13 17:00:00,226.0,75.0,6.76,1,2.0,2022,8,13,17,7,2
1010,2022-08-13 20:00:00,1462.0,77.0,26.9,15,1.0,2022,8,13,20,7,1
1011,2022-08-13 23:00:00,2441.0,103.5,31.325,12,1.0,2022,8,13,23,7,1
1012,2022-08-14 04:00:00,1520.5,109.5,24.744999,6,2.0,2022,8,14,4,1,2
1013,2022-08-14 04:00:00,950.0,145.0,15.21,9,3.0,2022,8,14,4,1,3
1014,2022-08-14 05:00:00,1489.0,115.0,23.43,7,2.0,2022,8,14,5,1,2
1015,2022-08-14 05:00:00,1456.0,186.0,17.93,12,2.0,2022,8,14,5,1,2
1016,2022-08-14 05:00:00,606.0,89.0,16.42,2,3.0,2022,8,14,5,1,3
1017,2022-08-14 09:00:00,606.0,75.0,17.42,1,3.0,2022,8,14,9,1,3
1018,2022-08-14 12:00:00,1509.0,98.0,24.415,14,1.0,2022,8,14,12,1,1
1019,2022-08-14 13:00:00,2009.0,96.0,25.81,13,1.0,2022,8,14,13,1,1
1020,2022-08-14 13:00:00,1324.0,60.0,32.98,4,2.0,2022,8,14,13,1,2
1021,2022-08-14 13:00:00,839.0,111.0,15.65,1,3.0,2022,8,14,13,1,3
1022,2022-08-14 13:00:00,479.0,81.0,13.83,10,3.0,2022,8,14,13,1,3
1023,2022-08-14 14:00:00,721.0,97.0,15.9,9,2.0,2022,8,14,14,1,2
1024,2022-08-14 14:00:00,298.0,95.5,8.795,8,3.0,2022,8,14,14,1,3
1025,2022-08-14 15:00:00,658.0,62.0,18.43,6,2.0,2022,8,14,15,1,2
1026,2022-08-14 17:00:00,2989.0,98.0,36.35,1,1.0,2022,8,14,17,1,1
1027,2022-08-14 17:00:00,978.0,62.0,23.465,8,2.0,2022,8,14,17,1,2
1028,2022-08-14 17:00:00,1167.0,89.5,21.78,12,1.0,2022,8,14,17,1,1
1029,2022-08-14 18:00:00,486.0,72.5,13.395,4,3.0,2022,8,14,18,1,3
1030,2022-08-14 18:00:00,1670.0,110.5,23.23,8,2.0,2022,8,14,18,1,2
1031,2022-08-14 19:00:00,2116.0,89.0,27.59,7,2.0,2022,8,14,19,1,2
1032,2022-08-14 19:00:00,918.0,60.0,25.3,3,1.0,2022,8,14,19,1,1
1033,2022-08-14 19:00:00,486.0,70.5,13.62,6,3.0,2022,8,14,19,1,3
1034,2022-08-14 20:00:00,1676.0,71.0,27.91,7,1.0,2022,8,14,20,1,1
1035,2022-08-15 02:00:00,1585.0,62.5,25.015,10,1.0,2022,8,15,2,2,1
1036,2022-08-15 13:00:00,1938.0,109.5,23.085,10,1.0,2022,8,15,13,2,1
1037,2022-08-15 14:00:00,420.0,102.5,9.09,10,3.0,2022,8,15,14,2,3
1038,2022-08-15 14:00:00,2449.0,97.5,33.015,10,1.0,2022,8,15,14,2,1
1039,2022-08-15 15:00:00,940.0,70.0,24.53,9,2.0,2022,8,15,15,2,2
1040,2022-08-15 16:00:00,1107.0,103.0,25.38,1,1.0,2022,8,15,16,2,1
1041,2022-08-15 18:00:00,3517.0,86.5,39.41,10,1.0,2022,8,15,18,2,1
1042,2022-08-16 03:00:00,1594.0,88.0,29.47,5,1.0,2022,8,16,3,3,1
1043,2022-08-16 03:00:00,2674.0,142.0,29.565,10,2.0,2022,8,16,3,3,2
1044,2022-08-16 04:00:00,1071.0,134.0,17.599998,10,2.0,2022,8,16,4,3,2
1045,2022-08-16 04:00:00,1352.0,64.0,32.69,1,1.0,2022,8,16,4,3,1
1046,2022-08-16 04:00:00,2316.0,127.0,26.72,19,2.0,2022,8,16,4,3,2
1047,2022-08-16 09:00:00,381.0,69.0,10.83,7,3.0,2022,8,16,9,3,3
1048,2022-08-16 09:00:00,839.0,61.0,21.17,1,2.0,2022,8,16,9,3,2
1049,2022-08-16 09:00:00,439.0,104.5,11.23,8,3.0,2022,8,16,9,3,3
1050,2022-08-16 10:00:00,1291.0,66.0,26.2,3,1.0,2022,8,16,10,3,1
1051,2022-08-16 11:00:00,3492.0,114.0,35.05,3,1.0,2022,8,16,11,3,1
1052,2022-08-16 12:00:00,5016.0,152.0,35.52,13,1.0,2022,8,16,12,3,1
1053,2022-08-16 13:00:00,561.0,67.0,16.73,5,1.0,2022,8,16,13,3,1
1054,2022-08-16 16:00:00,1148.0,75.0,23.99,1,1.0,2022,8,16,16,3,1
1055,2022-08-16 16:00:00,1148.0,78.0,23.54,9,2.0,2022,8,16,16,3,2
1056,2022-08-16 17:00:00,2751.0,128.5,28.095001,10,1.0,2022,8,16,17,3,1
1057,2022-08-16 18:00:00,2201.0,89.0,29.23,3,1.0,2022,8,16,18,3,1
1058,2022-08-17 08:00:00,918.0,299.0,11.99,17,3.0,2022,8,17,8,4,3
1059,2022-08-17 08:00:00,3196.0,159.0,25.675,4,1.0,2022,8,17,8,4,1
1060,2022-08-17 08:00:00,2271.0,191.0,23.18,19,2.0,2022,8,17,8,4,2
1061,2022-08-17 08:00:00,2146.0,416.0,14.56,5,3.0,2022,8,17,8,4,3
1062,2022-08-17 09:00:00,2269.0,176.0,21.015,8,1.0,2022,8,17,9,4,1
1063,2022-08-17 09:00:00,2364.0,397.0,13.530001,16,2.0,2022,8,17,9,4,2
1064,2022-08-17 10:00:00,1293.0,90.0,22.41,1,1.0,2022,8,17,10,4,1
1065,2022-08-17 15:00:00,768.0,117.0,16.45,9,3.0,2022,8,17,15,4,3
1066,2022-08-17 15:00:00,298.0,101.0,8.37,3,4.0,2022,8,17,15,4,4
1067,2022-08-17 20:00:00,1954.0,88.0,29.05,11,1.0,2022,8,17,20,4,1
1068,2022-08-17 21:00:00,1291.0,67.0,24.65,1,1.0,2022,8,17,21,4,1
1069,2022-08-18 06:00:00,839.0,62.0,21.07,3,2.0,2022,8,18,6,5,2
1070,2022-08-18 07:00:00,1726.0,77.0,26.55,1,1.0,2022,8,18,7,5,1
1071,2022-08-18 07:00:00,365.0,226.0,5.2,10,4.0,2022,8,18,7,5,4
1072,2022-08-18 10:00:00,712.0,91.5,16.52,10,2.0,2022,8,18,10,5,2
1073,2022-08-18 11:00:00,1771.5,156.5,30.625,2,1.0,2022,8,18,11,5,1
1074,2022-08-18 12:00:00,1867.0,234.0,30.375,10,1.0,2022,8,18,12,5,1
1075,2022-08-18 13:00:00,226.0,149.0,4.74,1,4.0,2022,8,18,13,5,4
1076,2022-08-18 13:00:00,164.0,157.5,3.495,2,4.0,2022,8,18,13,5,4
1077,2022-08-18 13:00:00,408.0,127.0,10.8,1,3.0,2022,8,18,13,5,3
1078,2022-08-18 14:00:00,1738.0,61.0,33.61,7,1.0,2022,8,18,14,5,1
1079,2022-08-18 18:00:00,854.0,65.5,23.3,8,2.0,2022,8,18,18,5,2
1080,2022-08-19 07:00:00,341.0,93.0,7.98,2,3.0,2022,8,19,7,6,3
1081,2022-08-19 08:00:00,1698.0,75.5,28.46,12,1.0,2022,8,19,8,6,1
1082,2022-08-19 09:00:00,742.0,90.0,18.81,6,3.0,2022,8,19,9,6,3
1083,2022-08-19 10:00:00,742.0,87.0,19.16,5,3.0,2022,8,19,10,6,3
1084,2022-08-19 13:00:00,1487.0,64.0,30.37,1,2.0,2022,8,19,13,6,2
1085,2022-08-19 16:00:00,381.0,81.5,9.895,8,3.0,2022,8,19,16,6,3
1086,2022-08-19 16:00:00,316.0,103.0,8.05,11,3.0,2022,8,19,16,6,3
1087,2022-08-19 16:00:00,658.0,60.0,18.77,2,2.0,2022,8,19,16,6,2
1088,2022-08-19 17:00:00,1585.0,102.5,22.165,12,1.0,2022,8,19,17,6,1
1089,2022-08-19 17:00:00,429.0,144.0,11.59,3,3.0,2022,8,19,17,6,3
1090,2022-08-19 19:00:00,1376.5,119.5,23.965,6,1.0,2022,8,19,19,6,1
1091,2022-08-19 20:00:00,839.0,72.5,19.615,10,2.0,2022,8,19,20,6,2
1092,2022-08-19 20:00:00,1509.0,71.0,26.38,3,1.0,2022,8,19,20,6,1
1093,2022-08-19 22:00:00,1321.0,69.0,26.22,8,2.0,2022,8,19,22,6,2
1094,2022-08-19 22:00:00,1455.0,72.0,24.85,2,1.0,2022,8,19,22,6,1
1095,2022-08-19 22:00:00,1676.0,83.5,27.630001,10,1.0,2022,8,19,22,6,1
1096,2022-08-20 02:00:00,1476.0,94.5,23.565,12,1.0,2022,8,20,2,7,1
1097,2022-08-20 04:00:00,836.0,66.0,18.87,11,1.0,2022,8,20,4,7,1
1098,2022-08-20 05:00:00,836.0,64.0,19.24,1,1.0,2022,8,20,5,7,1
1099,2022-08-20 06:00:00,1005.0,128.0,15.48,9,3.0,2022,8,20,6,7,3
1100,2022-08-20 06:00:00,958.0,81.0,19.45,3,2.0,2022,8,20,6,7,2
1101,2022-08-20 06:00:00,2127.5,97.0,26.44,12,1.0,2022,8,20,6,7,1
1102,2022-08-20 08:00:00,380.0,64.5,9.4,10,3.0,2022,8,20,8,7,3
1103,2022-08-20 09:00:00,422.0,149.0,8.54,1,4.0,2022,8,20,9,7,4
1104,2022-08-20 10:00:00,2373.0,197.0,21.8,1,2.0,2022,8,20,10,7,2
1105,2022-08-20 10:00:00,316.0,104.0,9.43,14,3.0,2022,8,20,10,7,3
1106,2022-08-20 10:00:00,839.0,66.0,20.48,4,2.0,2022,8,20,10,7,2
1107,2022-08-20 10:00:00,361.0,136.0,7.93,11,4.0,2022,8,20,10,7,4
1108,2022-08-20 11:00:00,839.0,63.0,20.94,11,2.0,2022,8,20,11,7,2
1109,2022-08-20 12:00:00,2204.0,80.0,33.63,11,1.0,2022,8,20,12,7,1
1110,2022-08-20 12:00:00,839.0,80.5,18.654999,8,2.0,2022,8,20,12,7,2
1111,2022-08-20 13:00:00,1640.0,64.0,30.62,13,1.0,2022,8,20,13,7,1
1112,2022-08-20 13:00:00,3658.0,154.5,27.900002,6,2.0,2022,8,20,13,7,2
1113,2022-08-20 14:00:00,1392.0,116.5,21.855,8,2.0,2022,8,20,14,7,2
1114,2022-08-20 14:00:00,380.0,64.5,9.41,10,3.0,2022,8,20,14,7,3
1115,2022-08-20 14:00:00,1487.0,98.0,25.44,10,2.0,2022,8,20,14,7,2
1116,2022-08-20 15:00:00,1075.0,79.0,19.49,11,1.0,2022,8,20,15,7,1
1117,2022-08-20 15:00:00,946.0,100.0,18.515,6,2.0,2022,8,20,15,7,2
1118,2022-08-20 15:00:00,1887.0,78.0,28.87,11,1.0,2022,8,20,15,7,1
1119,2022-08-20 21:00:00,2030.0,88.0,26.785,6,1.0,2022,8,20,21,7,1
1120,2022-08-21 10:00:00,590.0,80.0,15.64,1,2.0,2022,8,21,10,1,2
1121,2022-08-21 11:00:00,1367.0,61.0,28.74,3,1.0,2022,8,21,11,1,1
1122,2022-08-21 14:00:00,346.0,65.5,10.264999,6,3.0,2022,8,21,14,1,3
1123,2022-08-21 14:00:00,226.0,84.0,6.26,8,2.0,2022,8,21,14,1,2
1124,2022-08-21 14:00:00,1790.0,164.0,19.48,6,2.0,2022,8,21,14,1,2
1125,2022-08-21 14:00:00,839.0,119.0,15.13,5,3.0,2022,8,21,14,1,3
1126,2022-08-21 14:00:00,260.0,123.0,6.42,12,4.0,2022,8,21,14,1,4
1127,2022-08-21 15:00:00,226.0,80.0,6.4700003,6,2.0,2022,8,21,15,1,2
1128,2022-08-21 15:00:00,839.0,77.0,18.99,14,2.0,2022,8,21,15,1,2
1129,2022-08-21 17:00:00,1487.0,174.0,18.4,11,3.0,2022,8,21,17,1,3
1130,2022-08-21 17:00:00,839.0,78.0,18.92,7,2.0,2022,8,21,17,1,2
1131,2022-08-21 17:00:00,2751.0,118.0,28.75,12,1.0,2022,8,21,17,1,1
1132,2022-08-21 18:00:00,978.0,61.0,23.285,6,2.0,2022,8,21,18,1,2
1133,2022-08-21 18:00:00,1487.0,171.0,18.86,1,3.0,2022,8,21,18,1,3
1134,2022-08-21 18:00:00,839.0,75.0,19.27,3,2.0,2022,8,21,18,1,2
1135,2022-08-21 19:00:00,590.0,83.0,15.27,12,2.0,2022,8,21,19,1,2
1136,2022-08-21 19:00:00,1887.0,76.0,29.0,3,1.0,2022,8,21,19,1,1
1137,2022-08-21 19:00:00,3608.0,177.0,29.65,12,2.0,2022,8,21,19,1,2
1138,2022-08-22 11:00:00,1862.0,176.0,20.865,12,2.0,2022,8,22,11,2,2
1139,2022-08-22 12:00:00,1056.0,88.0,22.44,1,2.0,2022,8,22,12,2,2
1140,2022-08-22 13:00:00,1376.0,73.0,23.03,7,1.0,2022,8,22,13,2,1
1141,2022-08-22 13:00:00,338.0,100.0,9.61,11,3.0,2022,8,22,13,2,3
1142,2022-08-22 14:00:00,1167.0,60.0,24.66,1,1.0,2022,8,22,14,2,1
1143,2022-08-22 15:00:00,1167.0,60.0,24.66,1,1.0,2022,8,22,15,2,1
1144,2022-08-22 15:00:00,839.0,62.5,20.994999,10,2.0,2022,8,22,15,2,2
1145,2022-08-22 17:00:00,626.0,82.0,17.03,1,3.0,2022,8,22,17,2,3
1146,2022-08-22 17:00:00,1585.0,62.0,26.34,7,1.0,2022,8,22,17,2,1
1147,2022-08-22 18:00:00,2147.0,87.0,30.35,2,2.0,2022,8,22,18,2,2
1148,2022-08-22 19:00:00,380.0,66.0,9.3,9,3.0,2022,8,22,19,2,3
1149,2022-08-22 20:00:00,415.0,430.0,3.26,3,4.0,2022,8,22,20,2,4
1150,2022-08-23 04:00:00,902.0,90.0,26.37,3,1.0,2022,8,23,4,3,1
1151,2022-08-23 08:00:00,506.0,61.0,13.65,5,3.0,2022,8,23,8,3,3
1152,2022-08-23 09:00:00,418.0,68.0,11.49,9,3.0,2022,8,23,9,3,3
1153,2022-08-23 11:00:00,1555.0,136.0,32.345,10,1.0,2022,8,23,11,3,1
1154,2022-08-23 12:00:00,2222.0,139.5,23.490002,12,1.0,2022,8,23,12,3,1
1155,2022-08-23 13:00:00,2157.0,93.0,29.36,9,2.0,2022,8,23,13,3,2
1156,2022-08-23 13:00:00,1975.0,84.0,29.74,3,1.0,2022,8,23,13,3,1
1157,2022-08-23 14:00:00,1333.5,69.5,30.225,4,2.0,2022,8,23,14,3,2
1158,2022-08-23 18:00:00,1535.0,67.0,28.74,7,1.0,2022,8,23,18,3,1
1159,2022-08-23 20:00:00,1324.0,62.0,32.49,9,2.0,2022,8,23,20,3,2
1160,2022-08-23 20:00:00,1387.0,132.0,22.66,2,1.0,2022,8,23,20,3,1
1161,2022-08-24 08:00:00,1676.0,64.0,30.39,9,1.0,2022,8,24,8,4,1
1162,2022-08-24 08:00:00,985.0,344.0,13.89,3,3.0,2022,8,24,8,4,3
1163,2022-08-24 08:00:00,2839.0,223.0,21.26,3,2.0,2022,8,24,8,4,2
1164,2022-08-24 08:00:00,2030.0,133.0,22.974998,6,1.0,2022,8,24,8,4,1
1165,2022-08-24 12:00:00,2113.0,110.0,28.99,11,1.0,2022,8,24,12,4,1
1166,2022-08-24 12:00:00,798.0,106.5,11.559999,8,3.0,2022,8,24,12,4,3
1167,2022-08-24 12:00:00,361.0,87.0,7.03,1,4.0,2022,8,24,12,4,4
1168,2022-08-24 13:00:00,1535.0,60.0,29.65,3,1.0,2022,8,24,13,4,1
1169,2022-08-24 13:00:00,1898.0,87.0,30.99,5,1.0,2022,8,24,13,4,1
1170,2022-08-24 14:00:00,2230.0,143.0,29.34,12,1.0,2022,8,24,14,4,1
1171,2022-08-24 14:00:00,3145.0,188.0,23.19,7,2.0,2022,8,24,14,4,2
1172,2022-08-24 14:00:00,478.0,97.0,12.82,4,3.0,2022,8,24,14,4,3
1173,2022-08-24 14:00:00,1535.0,60.0,29.76,2,1.0,2022,8,24,14,4,1
1174,2022-08-24 14:00:00,1898.0,86.0,31.25,7,1.0,2022,8,24,14,4,1
1175,2022-08-24 15:00:00,3927.0,169.0,30.165,4,1.0,2022,8,24,15,4,1
1176,2022-08-24 19:00:00,1324.0,71.0,30.65,9,2.0,2022,8,24,19,4,2
1177,2022-08-25 06:00:00,2009.0,74.5,28.86,10,1.0,2022,8,25,6,5,1
1178,2022-08-25 06:00:00,1464.0,118.0,29.61,1,1.0,2022,8,25,6,5,1
1179,2022-08-25 06:00:00,2966.0,74.0,36.67,4,1.0,2022,8,25,6,5,1
1180,2022-08-25 10:00:00,585.0,81.0,12.79,2,3.0,2022,8,25,10,5,3
1181,2022-08-25 11:00:00,1014.0,83.0,23.03,3,2.0,2022,8,25,11,5,2
1182,2022-08-25 11:00:00,380.0,70.0,9.02,4,3.0,2022,8,25,11,5,3
1183,2022-08-25 11:00:00,2604.0,124.0,28.41,15,1.0,2022,8,25,11,5,1
1184,2022-08-25 11:00:00,1462.0,60.0,29.44,1,1.0,2022,8,25,11,5,1
1185,2022-08-25 11:00:00,1175.0,84.0,26.55,2,2.0,2022,8,25,11,5,2
1186,2022-08-25 12:00:00,1014.0,81.0,23.38,7,2.0,2022,8,25,12,5,2
1187,2022-08-25 14:00:00,2194.0,78.0,28.52,7,1.0,2022,8,25,14,5,1
1188,2022-08-25 15:00:00,1562.0,78.0,25.7,11,1.0,2022,8,25,15,5,1
1189,2022-08-25 15:00:00,839.0,86.0,18.06,9,2.0,2022,8,25,15,5,2
1190,2022-08-25 16:00:00,565.0,80.0,16.42,11,2.0,2022,8,25,16,5,2
1191,2022-08-26 06:00:00,2503.0,142.0,24.82,8,1.0,2022,8,26,6,6,1
1192,2022-08-26 06:00:00,3401.5,188.0,25.365002,6,2.0,2022,8,26,6,6,2
1193,2022-08-26 09:00:00,1522.0,72.0,25.92,13,1.0,2022,8,26,9,6,1
1194,2022-08-26 11:00:00,380.0,62.0,9.540001,8,3.0,2022,8,26,11,6,3
1195,2022-08-26 12:00:00,1754.0,95.0,23.35,11,1.0,2022,8,26,12,6,1
1196,2022-08-26 13:00:00,1535.0,66.5,28.720001,8,1.0,2022,8,26,13,6,1
1197,2022-08-26 16:00:00,1535.0,83.0,26.43,5,1.0,2022,8,26,16,6,1
1198,2022-08-26 20:00:00,651.0,70.0,19.31,5,3.0,2022,8,26,20,6,3
1199,2022-08-26 22:00:00,1487.0,80.0,27.81,2,2.0,2022,8,26,22,6,2
1200,2022-08-26 22:00:00,779.0,67.0,20.855,8,3.0,2022,8,26,22,6,3
1201,2022-08-27 03:00:00,316.0,114.5,7.42,14,3.0,2022,8,27,3,7,3
1202,2022-08-27 04:00:00,496.0,67.0,13.82,1,2.0,2022,8,27,4,7,2
1203,2022-08-27 04:00:00,316.0,108.0,7.76,1,3.0,2022,8,27,4,7,3
1204,2022-08-27 05:00:00,2572.0,167.0,26.39,11,1.0,2022,8,27,5,7,1
1205,2022-08-27 05:00:00,496.0,65.0,14.0,11,2.0,2022,8,27,5,7,2
1206,2022-08-27 06:00:00,836.0,68.0,20.0,14,1.0,2022,8,27,6,7,1
1207,2022-08-27 07:00:00,1292.0,73.0,29.92,5,2.0,2022,8,27,7,7,2
1208,2022-08-27 07:00:00,2169.0,100.0,29.2,5,1.0,2022,8,27,7,7,1
1209,2022-08-27 08:00:00,2169.0,97.0,29.529999,8,1.0,2022,8,27,8,7,1
1210,2022-08-27 09:00:00,380.0,82.0,8.36,4,3.0,2022,8,27,9,7,3
1211,2022-08-27 10:00:00,1291.0,67.5,24.125,16,1.0,2022,8,27,10,7,1
1212,2022-08-27 12:00:00,2868.0,140.0,29.75,9,1.0,2022,8,27,12,7,1
1213,2022-08-27 13:00:00,1698.0,99.0,25.57,2,1.0,2022,8,27,13,7,1
1214,2022-08-27 14:00:00,380.0,75.0,9.12,21,3.0,2022,8,27,14,7,3
1215,2022-08-27 14:00:00,226.0,92.5,5.875,10,3.0,2022,8,27,14,7,3
1216,2022-08-27 14:00:00,1248.5,96.5,20.8,28,1.0,2022,8,27,14,7,1
1217,2022-08-27 14:00:00,979.0,75.0,21.22,6,2.0,2022,8,27,14,7,2
1218,2022-08-27 14:00:00,1698.0,98.0,25.8,9,1.0,2022,8,27,14,7,1
1219,2022-08-27 17:00:00,2122.0,97.0,24.81,13,1.0,2022,8,27,17,7,1
1220,2022-08-27 18:00:00,1404.0,61.0,36.87,7,1.0,2022,8,27,18,7,1
1221,2022-08-27 18:00:00,1660.0,97.0,23.49,21,1.0,2022,8,27,18,7,1
1222,2022-08-27 18:00:00,1509.0,92.0,21.75,1,2.0,2022,8,27,18,7,2
1223,2022-08-27 18:00:00,963.0,61.0,25.63,3,1.0,2022,8,27,18,7,1
1224,2022-08-27 18:00:00,1898.0,133.0,25.93,11,2.0,2022,8,27,18,7,2
1225,2022-08-27 19:00:00,629.0,164.0,10.12,3,3.0,2022,8,27,19,7,3
1226,2022-08-27 19:00:00,446.0,164.0,7.41,9,4.0,2022,8,27,19,7,4
1227,2022-08-27 19:00:00,1509.0,74.0,23.48,2,1.0,2022,8,27,19,7,1
1228,2022-08-27 21:00:00,2103.0,136.5,26.615002,10,1.0,2022,8,27,21,7,1
1229,2022-08-27 22:00:00,1142.0,84.5,24.66,10,2.0,2022,8,27,22,7,2
1230,2022-08-28 00:00:00,1142.0,96.0,23.08,1,2.0,2022,8,28,0,1,2
1231,2022-08-28 00:00:00,1100.0,118.5,18.505001,12,2.0,2022,8,28,0,1,2
1232,2022-08-28 01:00:00,3578.5,219.0,27.310001,10,1.0,2022,8,28,1,1,1
1233,2022-08-28 01:00:00,1676.0,125.0,24.529999,4,2.0,2022,8,28,1,1,2
1234,2022-08-28 07:00:00,446.0,164.0,7.55,1,4.0,2022,8,28,7,1,4
1235,2022-08-28 11:00:00,370.0,111.0,9.49,4,3.0,2022,8,28,11,1,3
1236,2022-08-28 12:00:00,777.0,60.0,23.21,2,2.0,2022,8,28,12,1,2
1237,2022-08-28 12:00:00,370.0,107.5,9.76,8,3.0,2022,8,28,12,1,3
1238,2022-08-28 14:00:00,1167.0,63.0,27.41,1,1.0,2022,8,28,14,1,1
1239,2022-08-28 14:00:00,1069.0,95.0,20.82,14,2.0,2022,8,28,14,1,2
1240,2022-08-28 15:00:00,1167.0,63.0,27.41,1,1.0,2022,8,28,15,1,1
1241,2022-08-28 15:00:00,1476.0,90.0,23.555,8,1.0,2022,8,28,15,1,1
1242,2022-08-28 15:00:00,2201.0,135.0,25.17,9,2.0,2022,8,28,15,1,2
1243,2022-08-28 16:00:00,1476.0,83.0,24.04,15,1.0,2022,8,28,16,1,1
1244,2022-08-28 16:00:00,2201.0,129.0,25.529999,6,2.0,2022,8,28,16,1,2
1245,2022-08-28 17:00:00,836.0,61.0,20.71,13,1.0,2022,8,28,17,1,1
1246,2022-08-28 17:00:00,2030.0,86.0,26.91,3,1.0,2022,8,28,17,1,1
1247,2022-08-28 18:00:00,1660.0,88.0,25.33,3,1.0,2022,8,28,18,1,1
1248,2022-08-28 21:00:00,316.0,100.5,8.15,2,3.0,2022,8,28,21,1,3
1249,2022-08-28 21:00:00,2201.0,125.0,26.25,8,1.0,2022,8,28,21,1,1
1250,2022-08-28 22:00:00,316.0,99.0,8.28,7,3.0,2022,8,28,22,1,3
1251,2022-08-29 00:00:00,629.0,82.0,15.73,9,3.0,2022,8,29,0,2,3
1252,2022-08-29 01:00:00,1698.0,88.0,26.87,1,1.0,2022,8,29,1,2,1
1253,2022-08-29 05:00:00,2989.0,82.0,38.77,1,1.0,2022,8,29,5,2,1
1254,2022-08-29 10:00:00,739.0,81.0,15.89,2,3.0,2022,8,29,10,2,3
1255,2022-08-29 14:00:00,1234.0,65.0,27.42,6,1.0,2022,8,29,14,2,1
1256,2022-08-29 14:00:00,1045.0,199.0,12.375,4,2.0,2022,8,29,14,2,2
1257,2022-08-29 14:00:00,1633.0,348.5,13.715,10,3.0,2022,8,29,14,2,3
1258,2022-08-29 16:00:00,829.5,90.0,17.9,4,2.0,2022,8,29,16,2,2
1259,2022-08-29 16:00:00,839.0,71.0,20.56,3,2.0,2022,8,29,16,2,2
1260,2022-08-29 16:00:00,2923.0,108.0,31.15,9,1.0,2022,8,29,16,2,1
1261,2022-08-29 16:00:00,1354.0,188.0,20.96,4,2.0,2022,8,29,16,2,2
1262,2022-08-29 17:00:00,994.0,97.0,19.5,9,2.0,2022,8,29,17,2,2
1263,2022-08-29 17:00:00,1367.0,60.0,29.25,2,1.0,2022,8,29,17,2,1
1264,2022-08-29 18:00:00,1585.0,101.5,22.6,12,1.0,2022,8,29,18,2,1
1265,2022-08-29 18:00:00,1167.0,119.0,21.66,2,2.0,2022,8,29,18,2,2
1266,2022-08-29 19:00:00,1119.0,208.0,14.14,5,3.0,2022,8,29,19,2,3
1267,2022-08-29 19:00:00,1291.0,81.0,25.53,7,1.0,2022,8,29,19,2,1
1268,2022-08-29 20:00:00,1141.0,70.0,25.66,2,2.0,2022,8,29,20,2,2
1269,2022-08-29 20:00:00,1706.0,306.0,16.29,2,3.0,2022,8,29,20,2,3
1270,2022-08-29 21:00:00,1894.0,238.0,17.465,4,2.0,2022,8,29,21,2,2
1271,2022-08-29 21:00:00,1492.0,213.0,16.37,5,3.0,2022,8,29,21,2,3
1272,2022-08-29 22:00:00,2030.0,99.0,25.77,13,1.0,2022,8,29,22,2,1
1273,2022-08-30 14:00:00,497.0,72.5,12.18,8,3.0,2022,8,30,14,3,3
1274,2022-08-30 14:00:00,945.0,109.5,20.145,10,2.0,2022,8,30,14,3,2
1275,2022-08-30 17:00:00,1986.0,75.0,28.305,8,2.0,2022,8,30,17,3,2
1276,2022-08-30 17:00:00,836.0,63.0,22.45,2,1.0,2022,8,30,17,3,1
1277,2022-08-30 17:00:00,1367.0,67.0,28.36,12,1.0,2022,8,30,17,3,1
1278,2022-08-30 19:00:00,2923.0,97.5,32.11,12,1.0,2022,8,30,19,3,1
1279,2022-08-30 20:00:00,2091.0,72.0,36.13,10,1.0,2022,8,30,20,3,1
1280,2022-08-31 09:00:00,1503.0,69.0,31.82,6,1.0,2022,8,31,9,4,1
1281,2022-08-31 09:00:00,2149.0,230.5,20.485,2,2.0,2022,8,31,9,4,2
1282,2022-08-31 13:00:00,1138.0,72.0,22.24,3,2.0,2022,8,31,13,4,2
1283,2022-08-31 14:00:00,1138.0,69.5,22.515,6,2.0,2022,8,31,14,4,2
1284,2022-08-31 21:00:00,735.0,72.5,16.425,4,3.0,2022,8,31,21,4,3
1285,2022-08-31 22:00:00,735.0,71.0,16.65,5,3.0,2022,8,31,22,4,3
1286,2022-09-01 07:00:00,1291.0,74.0,25.03,13,1.0,2022,9,1,7,5,1
1287,2022-09-01 08:00:00,272.0,107.0,7.26,1,3.0,2022,9,1,8,5,3
1288,2022-09-01 12:00:00,2829.0,126.0,26.71,9,1.0,2022,9,1,12,5,1
1289,2022-09-01 12:00:00,1597.0,97.0,36.0,1,1.0,2022,9,1,12,5,1
1290,2022-09-01 13:00:00,2742.0,134.0,28.24,11,1.0,2022,9,1,13,5,1
1291,2022-09-01 14:00:00,1754.0,97.0,24.46,9,1.0,2022,9,1,14,5,1
1292,2022-09-01 14:00:00,361.0,74.0,9.24,10,3.0,2022,9,1,14,5,3
1293,2022-09-01 15:00:00,1271.0,98.0,20.47,3,2.0,2022,9,1,15,5,2
1294,2022-09-01 15:00:00,2829.0,177.0,23.69,4,1.0,2022,9,1,15,5,1
1295,2022-09-01 16:00:00,1941.0,115.0,25.55,1,2.0,2022,9,1,16,5,2
1296,2022-09-01 16:00:00,1039.0,72.0,19.26,3,3.0,2022,9,1,16,5,3
1297,2022-09-01 16:00:00,1941.0,100.0,26.63,2,1.0,2022,9,1,16,5,1
1298,2022-09-01 17:00:00,1698.0,91.0,26.24,11,1.0,2022,9,1,17,5,1
1299,2022-09-01 18:00:00,1423.5,73.0,26.29,2,2.0,2022,9,1,18,5,2
1300,2022-09-01 18:00:00,1238.0,60.0,27.55,1,1.0,2022,9,1,18,5,1
1301,2022-09-01 19:00:00,1100.0,80.0,24.23,23,1.0,2022,9,1,19,5,1
1302,2022-09-01 19:00:00,958.0,84.0,20.02,6,2.0,2022,9,1,19,5,2
1303,2022-09-01 19:00:00,1670.0,71.5,27.445,6,2.0,2022,9,1,19,5,2
1304,2022-09-01 19:00:00,1625.0,60.0,29.88,3,1.0,2022,9,1,19,5,1
1305,2022-09-02 04:00:00,1932.0,61.0,37.38,5,1.0,2022,9,2,4,6,1
1306,2022-09-02 04:00:00,3208.5,155.5,28.119999,14,1.0,2022,9,2,4,6,1
1307,2022-09-02 05:00:00,1419.0,64.0,28.11,1,1.0,2022,9,2,5,6,1
1308,2022-09-02 06:00:00,878.0,72.0,20.92,9,2.0,2022,9,2,6,6,2
1309,2022-09-02 06:00:00,501.0,74.0,11.74,13,3.0,2022,9,2,6,6,3
1310,2022-09-02 06:00:00,1322.0,62.0,29.9,9,1.0,2022,9,2,6,6,1
1311,2022-09-02 07:00:00,606.0,84.0,16.37,1,3.0,2022,9,2,7,6,3
1312,2022-09-02 07:00:00,2201.0,71.0,31.57,3,1.0,2022,9,2,7,6,1
1313,2022-09-02 08:00:00,606.0,84.0,16.37,3,3.0,2022,9,2,8,6,3
1314,2022-09-02 08:00:00,2201.0,69.0,31.77,12,1.0,2022,9,2,8,6,1
1315,2022-09-02 08:00:00,1625.0,68.0,29.62,1,1.0,2022,9,2,8,6,1
1316,2022-09-02 08:00:00,1354.0,142.0,23.29,2,2.0,2022,9,2,8,6,2
1317,2022-09-02 08:00:00,2456.0,145.0,26.84,7,2.0,2022,9,2,8,6,2
1318,2022-09-02 08:00:00,497.0,68.0,12.56,7,3.0,2022,9,2,8,6,3
1319,2022-09-02 08:00:00,1367.0,71.0,29.37,3,2.0,2022,9,2,8,6,2
1320,2022-09-02 09:00:00,2597.0,107.5,34.255,10,1.0,2022,9,2,9,6,1
1321,2022-09-02 09:00:00,4265.0,266.0,28.52,3,2.0,2022,9,2,9,6,2
1322,2022-09-02 14:00:00,2070.0,192.0,20.5,6,2.0,2022,9,2,14,6,2
1323,2022-09-02 14:00:00,1887.0,927.0,6.26,14,4.0,2022,9,2,14,6,4
1324,2022-09-02 17:00:00,361.0,89.0,8.39,1,3.0,2022,9,2,17,6,3
1325,2022-09-02 20:00:00,361.0,71.0,9.45,1,3.0,2022,9,2,20,6,3
1326,2022-09-02 21:00:00,1271.0,69.5,24.555,14,1.0,2022,9,2,21,6,1
1327,2022-09-02 21:00:00,1613.0,128.0,23.095001,12,2.0,2022,9,2,21,6,2
1328,2022-09-02 23:00:00,839.0,65.5,21.4,2,2.0,2022,9,2,23,6,2
1329,2022-09-03 03:00:00,3112.0,111.5,31.23,10,1.0,2022,9,3,3,7,1
1330,2022-09-03 03:00:00,1291.0,143.0,17.85,5,2.0,2022,9,3,3,7,2
1331,2022-09-03 04:00:00,1291.0,141.5,17.96,6,2.0,2022,9,3,4,7,2
1332,2022-09-03 05:00:00,251.0,100.0,7.49,3,4.0,2022,9,3,5,7,4
1333,2022-09-03 11:00:00,1039.0,89.0,17.74,1,3.0,2022,9,3,11,7,3
1334,2022-09-03 11:00:00,196.0,75.0,5.79,7,4.0,2022,9,3,11,7,4
1335,2022-09-03 11:00:00,698.0,69.0,18.68,9,2.0,2022,9,3,11,7,2
1336,2022-09-03 12:00:00,2751.0,99.0,30.84,11,1.0,2022,9,3,12,7,1
1337,2022-09-03 13:00:00,226.0,76.0,6.67,9,2.0,2022,9,3,13,7,2
1338,2022-09-03 13:00:00,658.0,69.0,18.05,15,2.0,2022,9,3,13,7,2
1339,2022-09-03 13:00:00,2751.0,93.0,31.36,7,1.0,2022,9,3,13,7,1
1340,2022-09-03 14:00:00,836.0,71.5,21.295,4,1.0,2022,9,3,14,7,1
1341,2022-09-03 14:00:00,605.0,61.0,18.12,1,2.0,2022,9,3,14,7,2
1342,2022-09-03 14:00:00,257.0,102.0,6.3599997,12,3.0,2022,9,3,14,7,3
1343,2022-09-03 15:00:00,1716.0,122.0,26.93,1,1.0,2022,9,3,15,7,1
1344,2022-09-03 15:00:00,1810.5,133.0,24.98,6,2.0,2022,9,3,15,7,2
1345,2022-09-03 15:00:00,257.0,96.0,6.65,4,3.0,2022,9,3,15,7,3
1346,2022-09-03 16:00:00,1905.0,117.0,25.02,3,2.0,2022,9,3,16,7,2
1347,2022-09-03 17:00:00,1404.0,72.0,34.07,15,2.0,2022,9,3,17,7,2
1348,2022-09-03 17:00:00,1698.0,90.0,26.34,21,1.0,2022,9,3,17,7,1
1349,2022-09-03 18:00:00,332.0,65.0,9.6,3,3.0,2022,9,3,18,7,3
1350,2022-09-03 18:00:00,1790.0,135.5,21.68,16,2.0,2022,9,3,18,7,2
1351,2022-09-03 19:00:00,474.0,89.5,12.905001,4,3.0,2022,9,3,19,7,3
1352,2022-09-03 21:00:00,1660.0,134.0,29.2,2,1.0,2022,9,3,21,7,1
1353,2022-09-03 22:00:00,887.0,115.5,14.89,10,2.0,2022,9,3,22,7,2
1354,2022-09-03 22:00:00,542.0,107.0,11.41,9,3.0,2022,9,3,22,7,3
1355,2022-09-03 22:00:00,1660.0,133.5,29.23,2,1.0,2022,9,3,22,7,1
1356,2022-09-03 23:00:00,1676.0,79.0,28.23,11,1.0,2022,9,3,23,7,1
1357,2022-09-04 10:00:00,585.0,74.0,12.43,9,3.0,2022,9,4,10,1,3
1358,2022-09-04 13:00:00,2201.0,139.5,24.8,12,2.0,2022,9,4,13,1,2
1359,2022-09-04 14:00:00,1528.0,1521.0,5.15,1,4.0,2022,9,4,14,1,4
1360,2022-09-04 14:00:00,346.0,103.5,8.285,8,3.0,2022,9,4,14,1,3
1361,2022-09-04 14:00:00,316.0,142.5,6.275,12,3.0,2022,9,4,14,1,3
1362,2022-09-04 14:00:00,2929.0,135.0,25.52,12,1.0,2022,9,4,14,1,1
1363,2022-09-04 14:00:00,4842.0,229.0,25.619999,10,2.0,2022,9,4,14,1,2
1364,2022-09-04 14:00:00,1429.0,165.0,17.025,4,3.0,2022,9,4,14,1,3
1365,2022-09-04 14:00:00,2201.0,128.0,25.7,3,1.0,2022,9,4,14,1,1
1366,2022-09-04 14:00:00,2751.0,292.0,19.52,13,2.0,2022,9,4,14,1,2
1367,2022-09-04 14:00:00,1923.0,447.0,12.3,8,3.0,2022,9,4,14,1,3
1368,2022-09-04 15:00:00,1086.0,83.0,27.4,4,1.0,2022,9,4,15,1,1
1369,2022-09-04 15:00:00,1585.0,73.0,25.15,1,1.0,2022,9,4,15,1,1
1370,2022-09-04 15:00:00,840.0,72.0,20.22,1,2.0,2022,9,4,15,1,2
1371,2022-09-04 15:00:00,3245.0,367.5,18.744999,4,2.0,2022,9,4,15,1,2
1372,2022-09-04 15:00:00,2695.0,716.0,9.825,30,3.0,2022,9,4,15,1,3
1373,2022-09-04 15:00:00,412.0,403.0,5.9,11,4.0,2022,9,4,15,1,4
1374,2022-09-04 16:00:00,772.0,66.0,16.81,2,2.0,2022,9,4,16,1,2
1375,2022-09-04 16:00:00,332.0,60.0,9.95,1,3.0,2022,9,4,16,1,3
1376,2022-09-04 16:00:00,1471.0,115.0,28.12,2,1.0,2022,9,4,16,1,1
1377,2022-09-04 16:00:00,2751.0,99.0,30.77,15,1.0,2022,9,4,16,1,1
1378,2022-09-04 17:00:00,1471.0,112.5,28.275,6,1.0,2022,9,4,17,1,1
1379,2022-09-04 17:00:00,598.0,127.5,11.91,8,3.0,2022,9,4,17,1,3
1380,2022-09-04 17:00:00,2515.0,102.0,26.63,4,1.0,2022,9,4,17,1,1
1381,2022-09-04 17:00:00,3354.0,176.0,25.06,11,2.0,2022,9,4,17,1,2
1382,2022-09-04 18:00:00,1845.0,82.0,28.3,7,1.0,2022,9,4,18,1,1
1383,2022-09-04 19:00:00,188.0,100.0,5.42,13,4.0,2022,9,4,19,1,4
1384,2022-09-04 20:00:00,1887.0,115.0,24.88,5,1.0,2022,9,4,20,1,1
1385,2022-09-04 20:00:00,2923.0,165.0,26.73,5,2.0,2022,9,4,20,1,2
